[{"term_id":29,"name":"empty menu","slug":"empty-menu","taxonomy":"nav_menu","description":"","parent":0},{"term_id":10,"name":"Primary","slug":"primary","taxonomy":"nav_menu","description":"","parent":0},{"term_id":11,"name":"Primary (2)","slug":"primary-2","taxonomy":"nav_menu","description":"","parent":0},{"term_id":19,"name":"Primary Menu","slug":"primary-menu","taxonomy":"nav_menu","description":"","parent":0},{"term_id":26,"name":"Primary Menu duplicate","slug":"primary-menu-duplicate","taxonomy":"nav_menu","description":"","parent":0}]