{"content":[{"id":"1f8cd153","settings":{"content_width":"full","boxed_width":{"unit":"vw","size":100,"sizes":[]},"boxed_width_tablet":{"unit":"vw","size":"","sizes":[]},"boxed_width_mobile":{"unit":"vw","size":"","sizes":[]},"flex_direction":"column","flex_justify_content":"center","flex_align_items":"center","flex_wrap":"wrap","flex_align_content":"center","display_condition_list":[{"display_condition_login_status":"subscriber","_id":"0ec3eb6"}],"_ha_condition_list":[{"_id":"b31ad62"}],"premium_tooltip_text":"Hi, I'm a global tooltip.","premium_tooltip_position":"top,bottom","premium_parallax_layers_list":[],"premium_gradient_colors_repeater":[],"premium_kenburns_repeater":[],"premium_lottie_repeater":[],"premium_blob_repeater":[],"pa_badge_text":"New","ha_cmc_text":"Happy Addons","ha_gb_text":"New","ha_gb_lottie_url":"https:\/\/assets4.lottiefiles.com\/private_files\/lf30_ujs3c7ok.json"},"elements":[{"id":"4c1b0641","settings":{"_ha_design":"design-3","title":"Bleiben Sie informiert \u2013 mit unserem Mobility Trailblazers Newsletter","align":"center","title_color_type":"gradient","title_color":"#003C3D","title_color_b":"#C1693C","title_font_family":"Cabin","title_font_size":{"unit":"px","size":85,"sizes":[]},"title_font_size_tablet":{"unit":"px","size":65,"sizes":[]},"title_font_size_mobile":{"unit":"px","size":42,"sizes":[]},"title_font_weight":"600","title_text_transform":"none","title_font_style":"normal","title_text_decoration":"none","title_line_height":{"unit":"em","size":1,"sizes":[]},"title_line_height_mobile":{"unit":"em","size":1,"sizes":[]},"title_letter_spacing":{"unit":"px","size":0,"sizes":[]},"_offset_x":{"unit":"px","size":"0","sizes":[]},"_offset_x_end":{"unit":"px","size":"0","sizes":[]},"_offset_y":{"unit":"px","size":"0","sizes":[]},"_offset_y_end":{"unit":"px","size":"0","sizes":[]},"display_condition_list":[{"display_condition_login_status":"subscriber","_id":"67d4979"}],"_ha_condition_list":[{"_id":"9c49d8d"}],"premium_tooltip_text":"Hi, I'm a global tooltip.","premium_tooltip_position":"top,bottom","pa_badge_text":"New","premium_mscroll_repeater":[],"ha_cmc_text":"Happy Addons","ha_gb_text":"New","ha_gb_lottie_url":"https:\/\/assets4.lottiefiles.com\/private_files\/lf30_ujs3c7ok.json","_transform_rotateZ_effect_tablet":{"unit":"px","size":"","sizes":[]},"_transform_rotateZ_effect_mobile":{"unit":"px","size":"","sizes":[]},"_transform_rotateX_effect_tablet":{"unit":"px","size":"","sizes":[]},"_transform_rotateX_effect_mobile":{"unit":"px","size":"","sizes":[]},"_transform_rotateY_effect_tablet":{"unit":"px","size":"","sizes":[]},"_transform_rotateY_effect_mobile":{"unit":"px","size":"","sizes":[]},"_transform_skewX_effect_tablet":{"unit":"px","size":"","sizes":[]},"_transform_skewX_effect_mobile":{"unit":"px","size":"","sizes":[]},"_transform_skewY_effect_tablet":{"unit":"px","size":"","sizes":[]},"_transform_skewY_effect_mobile":{"unit":"px","size":"","sizes":[]},"_transform_rotateZ_effect_hover_tablet":{"unit":"px","size":"","sizes":[]},"_transform_rotateZ_effect_hover_mobile":{"unit":"px","size":"","sizes":[]},"_transform_rotateX_effect_hover_tablet":{"unit":"px","size":"","sizes":[]},"_transform_rotateX_effect_hover_mobile":{"unit":"px","size":"","sizes":[]},"_transform_rotateY_effect_hover_tablet":{"unit":"px","size":"","sizes":[]},"_transform_rotateY_effect_hover_mobile":{"unit":"px","size":"","sizes":[]},"_transform_skewX_effect_hover_tablet":{"unit":"px","size":"","sizes":[]},"_transform_skewX_effect_hover_mobile":{"unit":"px","size":"","sizes":[]},"_transform_skewY_effect_hover_tablet":{"unit":"px","size":"","sizes":[]},"_transform_skewY_effect_hover_mobile":{"unit":"px","size":"","sizes":[]},"_background_image":{"url":"","id":""},"_background_image_tablet":{"url":"","id":""},"_background_image_mobile":{"url":"","id":""},"_background_video_fallback":{"url":"","id":""},"_background_hover_image":{"url":"","id":""},"_background_hover_image_tablet":{"url":"","id":""},"_background_hover_image_mobile":{"url":"","id":""},"_background_hover_video_fallback":{"url":"","id":""},"_ha_background_overlay_image":{"url":"","id":""},"_ha_background_overlay_image_tablet":{"url":"","id":""},"_ha_background_overlay_image_mobile":{"url":"","id":""},"_ha_background_overlay_video_fallback":{"url":"","id":""},"_ha_background_overlay_hover_image":{"url":"","id":""},"_ha_background_overlay_hover_image_tablet":{"url":"","id":""},"_ha_background_overlay_hover_image_mobile":{"url":"","id":""},"_ha_background_overlay_hover_video_fallback":{"url":"","id":""},"_mask_image":{"url":"","id":""},"__globals__":{"title_color":"globals\/colors?id=primary","title_color_b":"globals\/colors?id=accent","title_typography":""}},"elements":[],"isInner":false,"widgetType":"ha-gradient-heading","elType":"widget"},{"id":"4474d4c9","settings":{"editor":"<div class=\"ehp-form__text-container\"><p class=\"ehp-form__description\" style=\"text-align: left;\">Erfahren Sie zuerst, wer nominiert wurde, wie der Auswahlprozess l\u00e4uft und was Jury und Medien \u00fcber den Mobilit\u00e4tswandel denken. Inklusive: Hintergrundgeschichten &amp; Interviews News rund um das Event &amp; das Netzwerk Das exklusive digitale Booklet mit allen Trailblazer-Portr\u00e4ts, Artikeln und Insights Direkt nach dem Award erhalten Sie das komplette Booklet bequem per E-Mail.<\/p><\/div>","text_columns":"1","column_gap":{"unit":"px","size":0,"sizes":[]},"align":"left","paragraph_spacing":{"unit":"px","size":0,"sizes":[]},"_element_width":"initial","_element_custom_width":{"unit":"vw","size":100},"_element_custom_width_tablet":{"unit":"vw","size":"","sizes":[]},"_element_custom_width_mobile":{"unit":"vw","size":"","sizes":[]},"_flex_align_self":"center","_flex_size":"grow","display_condition_list":[{"display_condition_login_status":"subscriber","_id":"535b9d3"}],"_ha_condition_list":[{"_id":"9d76e31"}],"premium_tooltip_text":"Hi, I'm a global tooltip.","premium_tooltip_position":"top,bottom","pa_badge_text":"New","premium_mscroll_repeater":[],"ha_cmc_text":"Happy Addons","ha_gb_text":"New","ha_gb_lottie_url":"https:\/\/assets4.lottiefiles.com\/private_files\/lf30_ujs3c7ok.json","__globals__":{"typography_typography":"globals\/typography?id=text","text_color":"globals\/colors?id=primary","link_color":"globals\/colors?id=764183d"}},"elements":[],"isInner":false,"widgetType":"text-editor","elType":"widget"},{"id":"30d1a540","settings":{"html":"<div id=\"mc_embed_shell\">\r\n      <link href=\"\/\/cdn-images.mailchimp.com\/embedcode\/classic-061523.css\" rel=\"stylesheet\" type=\"text\/css\">\r\n  <style type=\"text\/css\">\r\n        #mc_embed_signup{background:#fff; false;clear:left; font:14px Helvetica,Arial,sans-serif; width: 600px;}\r\n        \/* Add your own Mailchimp form style overrides in your site stylesheet or in this style block.\r\n           We recommend moving this block and the preceding CSS link to the HEAD of your HTML file. *\/\r\n<\/style>\r\n<div id=\"mc_embed_signup\">\r\n    <form action=\"https:\/\/mobilitytrailblazers.us7.list-manage.com\/subscribe\/post?u=0c432c015ace94d87e60ba453&amp;id=7187c46ee1&amp;f_id=004e87e0f0\" method=\"post\" id=\"mc-embedded-subscribe-form\" name=\"mc-embedded-subscribe-form\" class=\"validate\" target=\"_blank\">\r\n        <div id=\"mc_embed_signup_scroll\"><h2>Subscribe<\/h2>\r\n            <div class=\"indicates-required\"><span class=\"asterisk\">*<\/span> indicates required<\/div>\r\n            <div class=\"mc-field-group\"><label for=\"mce-EMAIL\">Email Address <span class=\"asterisk\">*<\/span><\/label><input type=\"email\" name=\"EMAIL\" class=\"required email\" id=\"mce-EMAIL\" required=\"\" value=\"\"><\/div><div class=\"mc-field-group\"><label for=\"mce-FNAME\">First Name <\/label><input type=\"text\" name=\"FNAME\" class=\" text\" id=\"mce-FNAME\" value=\"\"><\/div><div class=\"mc-field-group\"><label for=\"mce-MMERGE7\">Anrede <\/label><select name=\"MMERGE7\" class=\"\" id=\"mce-MMERGE7\"><option value=\"\"><\/option><option value=\"Frau\">Frau<\/option><option value=\"Herr\">Herr<\/option><option value=\"Keine Angabe\">Keine Angabe<\/option><\/select><\/div><div class=\"mc-field-group\"><label for=\"mce-MMERGE8\">Optionale Nachricht <\/label><input type=\"text\" name=\"MMERGE8\" class=\" text\" id=\"mce-MMERGE8\" value=\"\"><span id=\"mce-MMERGE8-HELPERTEXT\" class=\"helper_text\">Haben Sie uns noch etwas mitzuteilen?<\/span><\/div>\r\n        <div id=\"mce-responses\" class=\"clear foot\">\r\n            <div class=\"response\" id=\"mce-error-response\" style=\"display: none;\"><\/div>\r\n            <div class=\"response\" id=\"mce-success-response\" style=\"display: none;\"><\/div>\r\n        <\/div>\r\n    <div aria-hidden=\"true\" style=\"position: absolute; left: -5000px;\">\r\n        \/* real people should not fill this in and expect good things - do not remove this or risk form bot signups *\/\r\n        <input type=\"text\" name=\"b_0c432c015ace94d87e60ba453_7187c46ee1\" tabindex=\"-1\" value=\"\">\r\n    <\/div>\r\n        <div class=\"optionalParent\">\r\n            <div class=\"clear foot\">\r\n                <input type=\"submit\" name=\"subscribe\" id=\"mc-embedded-subscribe\" class=\"button\" value=\"Subscribe\">\r\n                <p style=\"margin: 0px auto;\"><a href=\"http:\/\/eepurl.com\/jimPDg\" title=\"Mailchimp - email marketing made easy and fun\"><span style=\"display: inline-block; background-color: transparent; border-radius: 4px;\"><img class=\"refferal_badge\" src=\"https:\/\/digitalasset.intuit.com\/render\/content\/dam\/intuit\/mc-fe\/en_us\/images\/intuit-mc-rewards-text-dark.svg\" alt=\"Intuit Mailchimp\" style=\"width: 220px; height: 40px; display: flex; padding: 2px 0px; justify-content: center; align-items: center;\"><\/span><\/a><\/p>\r\n            <\/div>\r\n        <\/div>\r\n    <\/div>\r\n<\/form>\r\n<\/div>\r\n<script type=\"text\/javascript\" src=\"\/\/s3.amazonaws.com\/downloads.mailchimp.com\/js\/mc-validate.js\"><\/script><script type=\"text\/javascript\">(function($) {window.fnames = new Array(); window.ftypes = new Array();fnames[0]='EMAIL';ftypes[0]='email';fnames[1]='FNAME';ftypes[1]='text';fnames[7]='MMERGE7';ftypes[7]='dropdown';fnames[8]='MMERGE8';ftypes[8]='text';fnames[2]='LNAME';ftypes[2]='text';fnames[3]='ADDRESS';ftypes[3]='address';fnames[4]='PHONE';ftypes[4]='phone';fnames[5]='BIRTHDAY';ftypes[5]='birthday';fnames[6]='COMPANY';ftypes[6]='text';}(jQuery));var $mcj = jQuery.noConflict(true);<\/script><\/div>\r\n","_flex_align_self":"center","display_condition_list":[{"display_condition_login_status":"subscriber","_id":"1fb1671"}],"_ha_condition_list":[{"_id":"8d3d6f6"}],"premium_tooltip_text":"Hi, I'm a global tooltip.","premium_tooltip_position":"top,bottom","pa_badge_text":"New","premium_mscroll_repeater":[],"ha_cmc_text":"Happy Addons","ha_gb_text":"New","ha_gb_lottie_url":"https:\/\/assets4.lottiefiles.com\/private_files\/lf30_ujs3c7ok.json"},"elements":[],"isInner":false,"widgetType":"html","elType":"widget"}],"isInner":false,"elType":"container"}],"settings":{"template":"elementor_canvas","ha_grid_zindex":"1000"},"metadata":[]}