{"content":[{"id":"8d49ee8","settings":{"flex_direction":"column","flex_align_items":"center","flex_wrap":"wrap","display_condition_list":[{"display_condition_login_status":"subscriber","_id":"589962b"}],"_ha_condition_list":[{"_id":"f2a04b5"}],"premium_tooltip_text":"Hi, I'm a global tooltip.","premium_tooltip_position":"top,bottom","premium_parallax_layers_list":[],"premium_gradient_colors_repeater":[],"premium_kenburns_repeater":[],"premium_lottie_repeater":[],"premium_blob_repeater":[],"pa_badge_text":"New","ha_cmc_text":"Happy Addons","ha_gb_text":"New","ha_gb_lottie_url":"https:\/\/assets4.lottiefiles.com\/private_files\/lf30_ujs3c7ok.json","content_width":"full","boxed_width":{"unit":"%","size":100,"sizes":[]},"boxed_width_tablet":{"unit":"%","size":"","sizes":[]},"boxed_width_mobile":{"unit":"%","size":"","sizes":[]},"min_height":{"unit":"vh","size":5,"sizes":[]},"min_height_tablet":{"unit":"vh","size":"","sizes":[]},"min_height_mobile":{"unit":"vh","size":"","sizes":[]},"flex_gap":{"column":"0","row":"5","isLinked":false,"unit":"px","size":0},"margin":{"unit":"px","top":"-40","right":"0","bottom":"-40","left":"0","isLinked":false},"padding":{"unit":"px","top":"0","right":"0","bottom":"0","left":"0","isLinked":false},"_ha_eqh_enable":""},"elements":[{"id":"6efd7bdf","settings":{"boxed_width":{"unit":"px","size":1200,"sizes":[]},"flex_direction":"row","flex_justify_content":"space-between","flex_align_items":"stretch","flex_gap":{"column":"10","row":"10","isLinked":true,"unit":"px","size":10},"display_condition_list":[{"display_condition_login_status":"subscriber","_id":"55380f9"}],"_ha_condition_list":[{"_id":"840929e"}],"premium_tooltip_text":"Hi, I'm a global tooltip.","premium_tooltip_position":"top,bottom","premium_parallax_layers_list":[],"premium_gradient_colors_repeater":[],"premium_kenburns_repeater":[],"premium_lottie_repeater":[],"premium_blob_repeater":[],"pa_badge_text":"New","ha_cmc_text":"Happy Addons","ha_gb_text":"New","ha_gb_lottie_url":"https:\/\/assets4.lottiefiles.com\/private_files\/lf30_ujs3c7ok.json"},"elements":[{"id":"3476dfcd","settings":{"width":{"unit":"px","size":500,"sizes":[]},"boxed_width":{"unit":"px","size":500,"sizes":[]},"flex_direction":"column","flex_justify_content":"center","flex_align_items":"flex-start","display_condition_list":[{"display_condition_login_status":"subscriber","_id":"c2af40a"}],"_ha_condition_list":[{"_id":"ae482cc"}],"premium_tooltip_text":"Hi, I'm a global tooltip.","premium_tooltip_position":"top,bottom","premium_parallax_layers_list":[],"premium_gradient_colors_repeater":[],"premium_kenburns_repeater":[],"premium_lottie_repeater":[],"premium_blob_repeater":[],"pa_badge_text":"New","ha_cmc_text":"Happy Addons","ha_gb_text":"New","ha_gb_lottie_url":"https:\/\/assets4.lottiefiles.com\/private_files\/lf30_ujs3c7ok.json"},"elements":[{"id":"57ac7e21","settings":{"image":{"url":"https:\/\/mobilitytrailblazers.de\/wp-content\/uploads\/2025\/06\/cropped-ChatGPT-Image-May-12-2025-04_30_57-PM-1.webp","id":255,"size":"","alt":"","source":"library"},"link_to":"custom","link":{"url":"https:\/\/mobilitytrailblazers.de\/","is_external":"","nofollow":"","custom_attributes":""},"align":"left","width":{"unit":"px","size":110,"sizes":[]},"width_tablet":{"unit":"px","size":"","sizes":[]},"width_mobile":{"unit":"px","size":"","sizes":[]},"height":{"unit":"px","size":110,"sizes":[]},"object-fit":"contain","display_condition_list":[{"display_condition_login_status":"subscriber","_id":"b7e05cb"}],"_ha_condition_list":[{"_id":"87d8344"}],"premium_tooltip_text":"Hi, I'm a global tooltip.","premium_tooltip_position":"top,bottom","pa_badge_text":"New","premium_mscroll_repeater":[],"ha_cmc_text":"Happy Addons","ha_gb_text":"New","ha_gb_lottie_url":"https:\/\/assets4.lottiefiles.com\/private_files\/lf30_ujs3c7ok.json","__dynamic__":{"link":"[elementor-tag id=\"9af4247\" name=\"site-url\" settings=\"%7B%7D\"]"}},"elements":[],"isInner":false,"widgetType":"image","elType":"widget"}],"isInner":true,"elType":"container"},{"id":"54702c82","settings":{"flex_direction":"row","flex_justify_content":"flex-end","flex_align_items":"center","flex_gap":{"column":"10","row":"10","isLinked":true,"unit":"px","size":10},"display_condition_list":[{"display_condition_login_status":"subscriber","_id":"ddaf462"}],"_ha_condition_list":[{"_id":"9846f7b"}],"premium_tooltip_text":"Hi, I'm a global tooltip.","premium_tooltip_position":"top,bottom","premium_parallax_layers_list":[],"premium_gradient_colors_repeater":[],"premium_kenburns_repeater":[],"premium_lottie_repeater":[],"premium_blob_repeater":[],"pa_badge_text":"New","ha_cmc_text":"Happy Addons","ha_gb_text":"New","ha_gb_lottie_url":"https:\/\/assets4.lottiefiles.com\/private_files\/lf30_ujs3c7ok.json"},"elements":[{"id":"43237ef0","settings":{"nav_menu_list":"primary","nav_menu_position":"center","nav_menu_responsive_position":"center","_padding":{"unit":"px","top":"0","right":"0","bottom":"0","left":"25","isLinked":false},"_flex_align_self":"center","_flex_size":"grow","display_condition_list":[{"display_condition_login_status":"subscriber","_id":"e9b38c1"}],"_ha_condition_list":[{"_id":"da96951"}],"premium_tooltip_text":"Hi, I'm a global tooltip.","premium_tooltip_position":"top,bottom","pa_badge_text":"New","premium_mscroll_repeater":[],"ha_cmc_text":"Happy Addons","ha_gb_text":"New","ha_gb_lottie_url":"https:\/\/assets4.lottiefiles.com\/private_files\/lf30_ujs3c7ok.json","nav_menu_link_hover_effect":"underline","nav_submenu_box_top_distance":{"unit":"px","size":20,"sizes":[]},"__globals__":{"nav_menu_item_color":"globals\/colors?id=primary","nav_menu_item_hover_color":"globals\/colors?id=accent"}},"elements":[],"isInner":false,"widgetType":"ha-navigation-menu","elType":"widget"}],"isInner":true,"elType":"container"},{"id":"63ce4ce4","settings":{"flex_direction":"row","flex_justify_content":"flex-end","flex_align_items":"center","flex_gap":{"column":"20","row":"20","isLinked":true,"unit":"px","size":20},"display_condition_list":[{"display_condition_login_status":"subscriber","_id":"0b1e2d0"}],"_ha_condition_list":[{"_id":"09d1a44"}],"premium_tooltip_text":"Hi, I'm a global tooltip.","premium_tooltip_position":"top,bottom","premium_parallax_layers_list":[],"premium_gradient_colors_repeater":[],"premium_kenburns_repeater":[],"premium_lottie_repeater":[],"premium_blob_repeater":[],"pa_badge_text":"New","ha_cmc_text":"Happy Addons","ha_gb_text":"New","ha_gb_lottie_url":"https:\/\/assets4.lottiefiles.com\/private_files\/lf30_ujs3c7ok.json"},"elements":[{"id":"5cf5e917","settings":{"icon_list":[{"text":"List Item #1","_id":"ca8c7cb"},{"text":"List Item #2","selected_icon":{"value":"fas fa-times","library":"fa-solid"},"_id":"72933db"},{"text":"List Item #3","selected_icon":{"value":"fas fa-dot-circle","library":"fa-solid"},"_id":"9912b84"}],"_margin":{"unit":"px","top":"0","right":"0","bottom":"0","left":"0","isLinked":true},"_padding":{"unit":"px","top":"0","right":"25","bottom":"0","left":"25","isLinked":false},"display_condition_list":[{"display_condition_login_status":"subscriber","_id":"efdb740"}],"_ha_condition_list":[{"_id":"ad21fdb"}],"premium_tooltip_text":"Hi, I'm a global tooltip.","premium_tooltip_position":"top,bottom","pa_badge_text":"New","premium_mscroll_repeater":[],"ha_cmc_text":"Happy Addons","ha_gb_text":"New","ha_gb_lottie_url":"https:\/\/assets4.lottiefiles.com\/private_files\/lf30_ujs3c7ok.json"},"elements":[],"isInner":false,"widgetType":"icon-list","elType":"widget"}],"isInner":true,"elType":"container"}],"isInner":true,"elType":"container"}],"isInner":false,"elType":"container"}],"settings":{"template":"elementor_header_footer","eael_ext_toc_title":"Table of Contents"},"metadata":[]}