{"content":[],"settings":{"template":"default","system_colors":[{"_id":"primary","title":"Primary","color":"#003C3D"},{"_id":"secondary","title":"Secondary","color":"#004C5F"},{"_id":"text","title":"Body Text","color":"#302C37"},{"_id":"accent","title":"Accent","color":"#C1693C"}],"custom_colors":[{"_id":"14ef391","title":"BG Beige","color":"#F8F0E3"},{"_id":"c696dce","title":"BG Base","color":"#FFFFFF"},{"_id":"764183d","title":"Kupfer Soft","color":"#B86F52"},{"_id":"d6cea4e","title":"Kupfer Bold","color":"#C1693C"},{"_id":"86b4fcd","title":"Full Transparency","color":"#02010100"},{"_id":"57c8da2","title":"Overlay BG","color":"#004C5FCC"},{"_id":"86b4fcd","title":"Full Transparency","color":"#02010100"},{"_id":"971c334","title":"Deep Blue","color":"#004C5F"},{"_id":"ecd6ecc","title":"Blue Accent","color":"#A4DCD5"}],"system_typography":[{"_id":"primary","title":"Primary","typography_typography":"custom","typography_font_family":"Poppins","typography_font_weight":"400","typography_font_size":{"unit":"em","size":"4","sizes":[]},"typography_text_transform":"uppercase","typography_font_style":"normal","typography_text_decoration":"none","typography_line_height":{"unit":"em","size":"1.2","sizes":[]},"typography_letter_spacing":{"unit":"em","size":"-0.02","sizes":[]},"typography_font_size_tablet":{"unit":"vw","size":"7","sizes":[]},"typography_font_size_mobile":{"unit":"px","size":"28","sizes":[]},"typography_line_height_mobile":{"unit":"em","size":"1.1","sizes":[]},"typography_word_spacing":{"unit":"em","size":"0","sizes":[]}},{"_id":"secondary","title":"Secondary","typography_typography":"custom","typography_font_family":"Trebuchet MS","typography_font_weight":"400","typography_font_size":{"unit":"em","size":"3.2","sizes":[]},"typography_font_size_tablet":{"unit":"vw","size":"5","sizes":[]},"typography_font_size_mobile":{"unit":"px","size":"40","sizes":[]},"typography_text_transform":"none","typography_font_style":"normal","typography_text_decoration":"none","typography_line_height":{"unit":"em","size":"1.2","sizes":[]},"typography_letter_spacing":{"unit":"px","size":"0","sizes":[]},"typography_word_spacing":{"unit":"em","size":"0","sizes":[]}},{"_id":"text","title":"Body Text","typography_typography":"custom","typography_font_family":"Roboto","typography_font_weight":"400","typography_font_size":{"unit":"px","size":"18","sizes":[]},"typography_text_transform":"none","typography_font_style":"normal","typography_text_decoration":"none","typography_line_height":{"unit":"em","size":"1.5","sizes":[]},"typography_letter_spacing":{"unit":"px","size":"0","sizes":[]},"typography_font_size_tablet":{"unit":"px","size":"14","sizes":[]},"typography_word_spacing":{"unit":"em","size":"0","sizes":[]},"typography_font_size_mobile":{"unit":"px","size":"18","sizes":[]}},{"_id":"accent","title":"Accent Text","typography_typography":"custom","typography_font_family":"Roboto","typography_font_weight":"400","typography_font_size":{"unit":"px","size":"28","sizes":[]},"typography_text_transform":"capitalize","typography_font_style":"normal","typography_text_decoration":"none","typography_line_height":{"unit":"em","size":"1","sizes":[]},"typography_letter_spacing":{"unit":"em","size":"0","sizes":[]},"typography_font_size_tablet":{"unit":"px","size":"28","sizes":[]},"typography_word_spacing":{"unit":"em","size":"0","sizes":[]}}],"custom_typography":[{"_id":"392b9e0","title":"Box Title","typography_typography":"custom","typography_font_family":"Cabin","typography_font_size":{"unit":"px","size":22,"sizes":[]},"typography_font_weight":"600","typography_text_transform":"capitalize","typography_font_style":"normal","typography_text_decoration":"none","typography_line_height":{"unit":"em","size":1.2,"sizes":[]},"typography_letter_spacing":{"unit":"px","size":0,"sizes":[]},"typography_font_size_mobile":{"unit":"px","size":18,"sizes":[]}},{"typography_typography":"custom","typography_font_family":"Roboto","typography_font_size":{"unit":"px","size":22,"sizes":[]},"typography_font_size_tablet":{"unit":"px","size":18,"sizes":[]},"typography_font_weight":"300","typography_text_transform":"none","typography_font_style":"normal","typography_text_decoration":"none","typography_line_height":{"unit":"em","size":1.5,"sizes":[]},"typography_letter_spacing":{"unit":"px","size":0,"sizes":[]},"_id":"c05b693","title":"Subtitle","typography_font_size_mobile":{"unit":"px","size":16,"sizes":[]},"typography_line_height_tablet":{"unit":"em","size":1.4,"sizes":[]}},{"typography_typography":"custom","typography_font_family":"Cabin","typography_font_size":{"unit":"px","size":16,"sizes":[]},"typography_font_size_tablet":{"unit":"px","size":14,"sizes":[]},"typography_font_weight":"300","typography_text_transform":"uppercase","typography_font_style":"normal","typography_text_decoration":"none","typography_line_height":{"unit":"em","size":1.5,"sizes":[]},"typography_letter_spacing":{"unit":"px","size":10,"sizes":[]},"_id":"6558fb1","title":"Special Title"},{"typography_typography":"custom","typography_font_family":"Cabin","typography_font_size":{"unit":"px","size":16,"sizes":[]},"typography_font_weight":"400","typography_text_transform":"capitalize","typography_font_style":"italic","typography_text_decoration":"underline","typography_line_height":{"unit":"em","size":1,"sizes":[]},"typography_letter_spacing":{"unit":"px","size":0,"sizes":[]},"_id":"92bce3b","title":"Accent Text Underline","typography_font_size_tablet":{"unit":"px","size":14,"sizes":[]}},{"typography_typography":"custom","typography_font_family":"Cabin","typography_font_size":{"unit":"px","size":85,"sizes":[]},"typography_font_weight":"600","typography_text_transform":"none","typography_font_style":"normal","typography_text_decoration":"none","typography_line_height":{"unit":"em","size":1,"sizes":[]},"typography_letter_spacing":{"unit":"px","size":0,"sizes":[]},"_id":"b2deeae","title":"Hero Headline","typography_font_size_mobile":{"unit":"px","size":42,"sizes":[]},"typography_line_height_mobile":{"unit":"em","size":1,"sizes":[]},"typography_font_size_tablet":{"unit":"px","size":65,"sizes":[]}},{"typography_typography":"custom","typography_font_family":"Cabin","typography_font_size":{"unit":"px","size":200,"sizes":[]},"typography_font_size_tablet":{"unit":"px","size":145,"sizes":[]},"typography_font_size_mobile":{"unit":"px","size":100,"sizes":[]},"typography_font_weight":"600","typography_text_transform":"none","typography_font_style":"normal","typography_text_decoration":"none","typography_line_height":{"unit":"em","size":1.2,"sizes":[]},"typography_line_height_mobile":{"unit":"em","size":1,"sizes":[]},"typography_letter_spacing":{"unit":"px","size":0,"sizes":[]},"_id":"fb1a3e0","title":"404 Title"},{"typography_typography":"custom","typography_font_family":"Roboto","typography_font_size":{"unit":"px","size":16,"sizes":[]},"typography_font_size_tablet":{"unit":"px","size":14,"sizes":[]},"typography_font_weight":"400","typography_text_transform":"capitalize","typography_font_style":"italic","typography_text_decoration":"none","typography_line_height":{"unit":"em","size":1.3,"sizes":[]},"typography_letter_spacing":{"unit":"px","size":0,"sizes":[]},"_id":"397e168","title":"Body Text Italic Capitalize"},{"_id":"500544d","title":"Sub-heading","typography_typography":"custom","typography_font_family":"Cabin","typography_font_size":{"unit":"px","size":"18","sizes":[]},"typography_font_weight":"400","typography_text_transform":"none","typography_font_style":"normal","typography_text_decoration":"none","typography_line_height":{"unit":"em","size":"1.4","sizes":[]},"typography_letter_spacing":{"unit":"px","size":"0","sizes":[]},"typography_word_spacing":{"unit":"px","size":"0","sizes":[]}}],"default_generic_fonts":"Sans-serif","page_title_selector":"h1.entry-title","default_page_template":"elementor_header_footer","hello_footer_copyright_text":"All rights reserved","viewport_md":768,"viewport_lg":1025,"activeItemIndex":1,"body_background_background":"classic","__globals__":{"body_background_color":"globals\/colors?id=14ef391","h4_typography_typography":"globals\/typography?id=392b9e0","h4_color":"globals\/colors?id=primary","hello_header_menu_color":"globals\/colors?id=primary","hello_header_menu_toggle_color":"globals\/colors?id=accent","hello_header_menu_typography_typography":"globals\/typography?id=accent","hello_header_background_color":"globals\/colors?id=c696dce","hello_footer_background_color":"globals\/colors?id=accent","hello_footer_copyright_color":"globals\/colors?id=c696dce","hello_footer_copyright_typography_typography":"globals\/typography?id=text","link_normal_color":"globals\/colors?id=accent","link_hover_color":"globals\/colors?id=primary","hello_header_title_typography_typography":"globals\/typography?id=primary","hello_header_title_color":"globals\/colors?id=text","button_background_color":"globals\/colors?id=accent","button_text_color":"globals\/colors?id=primary","button_hover_text_color":"globals\/colors?id=primary","button_hover_background_color":"globals\/colors?id=14ef391","button_background_color_b":"globals\/colors?id=57c8da2","button_hover_border_color":"globals\/colors?id=accent","button_border_color":"globals\/colors?id=86b4fcd","ha_scroll_to_top_button_icon_color":"globals\/colors?id=accent","ha_scroll_to_top_button_icon_hvr_color":"globals\/colors?id=secondary","ha_scroll_to_top_button_bg_hvr_color_color":"globals\/colors?id=accent","ha_scroll_to_top_button_bg_color_color":"globals\/colors?id=secondary","ha_rpb_horizontal_fill_color_color":"globals\/colors?id=primary"},"hello_header_custom_width":{"unit":"px","size":1600,"sizes":[]},"hello_header_menu":"2","hello_header_menu_dropdown":"mobile","hello_header_logo_width":{"unit":"px","size":54,"sizes":[]},"hello_header_gap":{"unit":"%","size":8,"sizes":[]},"hello_header_background_background":"classic","container_width":{"unit":"%","size":"","sizes":[]},"space_between_widgets":{"column":"0","row":"0","isLinked":"1","unit":"rem","size":0,"sizes":[]},"hello_footer_logo_display":"","hello_footer_tagline_display":"","hello_footer_menu_display":"","hello_footer_layout":"stacked","hello_footer_background_background":"classic","hello_header_gap_tablet":{"unit":"%","size":5,"sizes":[]},"hello_header_gap_mobile":{"unit":"%","size":8,"sizes":[]},"container_padding":{"unit":"rem","top":"5","right":"5","bottom":"5","left":"5","isLinked":true},"hello_footer_custom_width":{"unit":"%","size":"","sizes":[]},"hello_footer_custom_width_mobile":{"unit":"%","size":"","sizes":[]},"typography_enable_styleguide_preview":"yes","body_background_image":{"url":"","id":"","size":"","alt":"","source":"library"},"link_normal_color":"#C1693C","link_hover_color":"#003C3D","h4_color":"#003C3D","h4_typography_typography":"custom","h4_typography_font_family":"Cabin","h4_typography_font_size":{"unit":"px","size":22,"sizes":[]},"h4_typography_font_weight":"600","h4_typography_text_transform":"capitalize","h4_typography_font_style":"normal","h4_typography_text_decoration":"none","h4_typography_line_height":{"unit":"em","size":1.2,"sizes":[]},"h4_typography_letter_spacing":{"unit":"px","size":0,"sizes":[]},"hello_header_background_color":"#FFFFFF","hello_header_background_image":{"url":"https:\/\/mobilitytrailblazers.de\/wp-content\/uploads\/2025\/06\/Background3-scaled.png","id":247,"size":"","alt":"","source":"library"},"hello_header_title_typography_typography":{"typography_typography":"custom","typography_font_family":"Cabin","typography_font_weight":"400","typography_font_size":{"unit":"em","size":"4","sizes":[]},"typography_text_transform":"uppercase","typography_font_style":"normal","typography_text_decoration":"none","typography_line_height":{"unit":"em","size":"1.2","sizes":[]},"typography_letter_spacing":{"unit":"em","size":"-0.02","sizes":[]},"typography_font_size_tablet":{"unit":"vw","size":"7","sizes":[]},"typography_font_size_mobile":{"unit":"px","size":"28","sizes":[]},"typography_line_height_mobile":{"unit":"em","size":"1.1","sizes":[]},"typography_word_spacing":{"unit":"em","size":"0","sizes":[]}},"hello_header_title_typography_font_family":"Trebuchet MS","hello_header_title_typography_font_size":{"unit":"px","size":65,"sizes":[]},"hello_header_title_typography_font_weight":"600","hello_header_title_typography_text_transform":"none","hello_header_title_typography_font_style":"normal","hello_header_title_typography_text_decoration":"none","hello_header_title_typography_line_height":{"unit":"em","size":1.2,"sizes":[]},"hello_header_title_typography_letter_spacing":{"unit":"px","size":0,"sizes":[]},"hello_header_title_typography_word_spacing":{"unit":"em","size":0,"sizes":[]},"hello_header_title_color":"#302C37","hello_header_tagline_typography_typography":"custom","hello_header_menu_color":"#003C3D","hello_header_menu_toggle_color":"#C1693C","hello_footer_background_color":"#C1693C","hello_footer_copyright_color":"#FFFFFF","hello_footer_copyright_typography_typography":{"typography_typography":"custom","typography_font_family":"Roboto","typography_font_weight":"400","typography_font_size":{"unit":"px","size":"18","sizes":[]},"typography_text_transform":"none","typography_font_style":"normal","typography_text_decoration":"none","typography_line_height":{"unit":"em","size":"1.5","sizes":[]},"typography_letter_spacing":{"unit":"px","size":"0","sizes":[]},"typography_font_size_tablet":{"unit":"px","size":"14","sizes":[]},"typography_word_spacing":{"unit":"em","size":"0","sizes":[]},"typography_font_size_mobile":{"unit":"px","size":"18","sizes":[]}},"hello_footer_copyright_typography_font_family":"Verdana","hello_footer_copyright_typography_font_size":{"unit":"px","size":16,"sizes":[]},"hello_footer_copyright_typography_font_weight":"300","hello_footer_copyright_typography_text_transform":"none","hello_footer_copyright_typography_font_style":"normal","hello_footer_copyright_typography_text_decoration":"none","hello_footer_copyright_typography_line_height":{"unit":"em","size":1.5,"sizes":[]},"hello_footer_copyright_typography_letter_spacing":{"unit":"px","size":0,"sizes":[]},"h4_typography_font_size_mobile":{"unit":"px","size":18,"sizes":[]},"hello_header_title_typography_font_size_tablet":{"unit":"px","size":45,"sizes":[]},"hello_header_title_typography_font_size_mobile":{"unit":"px","size":28,"sizes":[]},"hello_header_title_typography_line_height_mobile":{"unit":"em","size":1.1,"sizes":[]},"hello_footer_copyright_typography_font_size_tablet":{"unit":"px","size":14,"sizes":[]},"link_normal_typography_font_size":{"unit":"px","size":"71","sizes":[]},"h1_typography_font_size":{"unit":"px","size":"104","sizes":[]},"h2_typography_font_size":{"unit":"px","size":"156","sizes":[]},"h3_typography_font_size":{"unit":"px","size":"132","sizes":[]},"h5_typography_font_size":{"unit":"px","size":"137","sizes":[]},"h6_typography_font_size":{"unit":"px","size":"121","sizes":[]},"container_padding_tablet":{"unit":"px","top":"","right":"","bottom":"","left":"","isLinked":"1"},"body_background_color_stop":{"unit":"%","size":100,"sizes":[]},"body_background_color_b":"#2D7F8C","body_background_gradient_angle":{"unit":"deg","size":90,"sizes":[]},"hello_header_menu_typography_typography":{"typography_typography":"custom","typography_font_family":"Roboto","typography_font_weight":"400","typography_font_size":{"unit":"px","size":"28","sizes":[]},"typography_text_transform":"capitalize","typography_font_style":"normal","typography_text_decoration":"none","typography_line_height":{"unit":"em","size":"1","sizes":[]},"typography_letter_spacing":{"unit":"em","size":"0","sizes":[]},"typography_font_size_tablet":{"unit":"px","size":"28","sizes":[]},"typography_word_spacing":{"unit":"em","size":"0","sizes":[]}},"button_typography_typography":"custom","button_text_shadow_text_shadow_type":"yes","h1_typography_typography":"custom","button_text_color":"#003C3D","button_background_color":"#C1693C","button_background_color_b":"#004C5FCC","button_background_gradient_angle":{"unit":"deg","size":90,"sizes":[]},"button_border_border":"solid","button_hover_background_color":"#B86F52","button_hover_border_border":"solid","colors_enable_styleguide_preview":"yes","body_overscroll_behavior":"auto","hfe_scroll_to_top_button_text":"Up","ha_scroll_to_top_global":"yes","ha_scroll_to_top_button_text":"Top","ha_scroll_to_top_button_icon_size":{"unit":"px","size":30,"sizes":[]},"ha_rpb_enable":"yes","ha_scroll_to_top_position_bottom":{"unit":"px","size":20,"sizes":[]},"ha_scroll_to_top_position_right":{"unit":"px","size":20,"sizes":[]},"ha_scroll_to_top_button_width":{"unit":"px","size":72,"sizes":[]},"ha_scroll_to_top_button_height":{"unit":"px","size":67,"sizes":[]},"ha_scroll_to_top_button_bg_color_background":"classic","ha_scroll_to_top_button_bg_hvr_color_background":"classic","ha_rpb_global_display_condition":["post","page"],"ha_rpb_enable_horizontal_percentage":""},"metadata":[],"theme":{"name":"Hello Elementor","theme_uri":"https:\/\/elementor.com\/hello-theme\/?utm_source=wp-themes&utm_campaign=theme-uri&utm_medium=wp-dash","version":"3.4.4","slug":"hello-elementor"},"experiments":{"e_font_icon_svg":{"name":"e_font_icon_svg","title":"Inline Font Icons","state":"active","default":"active","release_status":"stable"},"additional_custom_breakpoints":{"name":"additional_custom_breakpoints","title":"Additional Custom Breakpoints","state":"active","default":"active","release_status":"stable"},"container":{"name":"container","title":"Container","state":"active","default":"active","release_status":"stable"},"e_optimized_markup":{"name":"e_optimized_markup","title":"Optimized Markup","state":"active","default":"inactive","release_status":"stable"},"theme_builder_v2":{"name":"theme_builder_v2","title":"Default to New Theme Builder","state":"active","default":"active","release_status":"stable"},"hello-theme-header-footer":{"name":"hello-theme-header-footer","title":"Header &amp; Footer","state":"active","default":"active","release_status":"stable"},"nested-elements":{"name":"nested-elements","title":"Nested Elements","state":"active","default":"active","release_status":"stable"},"pages_panel":{"name":"pages_panel","title":"Pages Panel","state":"default","default":"inactive","release_status":"alpha"},"e_element_cache":{"name":"e_element_cache","title":"Element Caching","state":"active","default":"active","release_status":"stable"},"home_screen":{"name":"home_screen","title":"Elementor Home Screen","state":"default","default":"active","release_status":"stable"},"editor_events":{"name":"editor_events","title":"Elementor Editor Events","state":"default","default":"inactive","release_status":"alpha"},"e_atomic_elements":{"name":"e_atomic_elements","title":"Atomic Widgets","state":"inactive","default":"inactive","release_status":"alpha"},"e_classes":{"name":"e_classes","title":"Global Classes","state":"inactive","default":"inactive","release_status":"alpha"},"global_classes_should_enforce_capabilities":{"name":"global_classes_should_enforce_capabilities","title":"Enforce global classes capabilities","state":"default","default":"active","release_status":"dev"},"e_variables":{"name":"e_variables","title":"Variables","state":"default","default":"active","release_status":"alpha"},"cloud-library":{"name":"cloud-library","title":"Cloud Library","state":"active","default":"active","release_status":"beta"},"e_opt_in_v4_page":{"name":"e_opt_in_v4_page","title":"Editor v4 (Opt In Page)","state":"default","default":"active","release_status":"alpha"},"e_opt_in_v4":{"name":"e_opt_in_v4","title":"Editor V4","state":"inactive","default":"inactive","release_status":"alpha"},"import-export-customization":{"name":"import-export-customization","title":"Import\/Export Customization","state":"default","default":"inactive","release_status":"alpha"},"mega-menu":{"name":"mega-menu","title":"Menu","state":"active","default":"inactive","release_status":"beta"}}}