{"content":[{"id":"3ab65b3e","settings":{"layout":"full_width","boxed_width":{"unit":"px","size":"1200","sizes":[]},"box_shadow_box_shadow_type":"yes","box_shadow_box_shadow":{"horizontal":"0","vertical":"5","blur":"30","spread":"0","color":"rgba(0,0,0,0.1)"},"z_index":"10","_title":"Header","_element_id":"header_pop","flex_direction":"column","flex_align_items":"center","flex_gap":{"size":0,"unit":"px","column":"0","row":"0","isLinked":true},"content_width":"full","flex_wrap":"wrap","padding":{"unit":"%","top":"0","right":"0","bottom":"0","left":"0","isLinked":true},"padding_tablet":{"unit":"%","top":"","right":"","bottom":"","left":"","isLinked":true},"padding_mobile":{"unit":"%","top":"","right":"","bottom":"","left":"","isLinked":true},"sticky":"top","display_condition_list":[{"display_condition_login_status":"subscriber","_id":"fff5fd9"}],"_ha_condition_list":[{"_id":"a09db30"}],"premium_gdivider_image":{"id":1191,"url":"https:\/\/mobilitytrailblazers.de\/wp-content\/uploads\/2025\/07\/placeholder-11.png"},"premium_parallax_layers_list":[],"premium_gradient_colors_repeater":[],"premium_kenburns_repeater":[],"premium_lottie_repeater":[],"premium_blob_repeater":[],"premium_tooltip_text":"Hi, I'm a global tooltip.","premium_tooltip_position":"top,bottom","pa_badge_text":"New","ha_cmc_text":"Happy Addons","ha_gb_text":"New","ha_gb_lottie_url":"https:\/\/assets4.lottiefiles.com\/private_files\/lf30_ujs3c7ok.json"},"elements":[{"id":"21f2780","settings":{"width":{"unit":"px","size":"1200","sizes":[]},"structure":"30","background_background":"classic","margin":{"unit":"px","top":"0","right":"0","bottom":"0","left":"0","isLinked":"1"},"padding":{"unit":"px","top":"15","right":"10","bottom":"10","left":"12","isLinked":""},"padding_tablet":{"unit":"px","top":"20","right":"15","bottom":"20","left":"15","isLinked":""},"flex_direction":"row","flex_align_items":"center","flex_gap":{"size":10,"unit":"px","column":"10","row":"10","isLinked":true},"boxed_width":{"unit":"px","size":1200,"sizes":[]},"flex_justify_content":"space-between","display_condition_list":[{"display_condition_login_status":"subscriber","_id":"ede8278"}],"_ha_condition_list":[{"_id":"d95acce"}],"premium_gdivider_image":{"id":1190,"url":"https:\/\/mobilitytrailblazers.de\/wp-content\/uploads\/2025\/07\/placeholder-10.png"},"premium_parallax_layers_list":[],"premium_gradient_colors_repeater":[],"premium_kenburns_repeater":[],"premium_lottie_repeater":[],"premium_blob_repeater":[],"premium_tooltip_text":"Hi, I'm a global tooltip.","premium_tooltip_position":"top,bottom","pa_badge_text":"New","ha_cmc_text":"Happy Addons","ha_gb_text":"New","ha_gb_lottie_url":"https:\/\/assets4.lottiefiles.com\/private_files\/lf30_ujs3c7ok.json","__globals__":{"background_color":"globals\/colors?id=14ef391"}},"elements":[{"id":"f0a5440","settings":{"image":{"id":235,"url":"https:\/\/mobilitytrailblazers.de\/wp-content\/uploads\/2025\/06\/ChatGPT-Image-May-12-2025-04_30_57-PM.webp","alt":"Logo website of Mobility Trailblazers","source":"library","size":""},"align":"left","link_to":"custom","width":{"unit":"px","size":103,"sizes":[]},"__dynamic__":{"link":"[elementor-tag id=\"c048f8d\" name=\"site-url\" settings=\"%7B%7D\"]"},"width_tablet":{"unit":"px","size":133,"sizes":[]},"width_mobile":{"unit":"px","size":100,"sizes":[]},"height":{"unit":"px","size":62,"sizes":[]},"object-fit":"contain","_padding_tablet":{"unit":"px","top":"0","right":"90","bottom":"0","left":"0","isLinked":false},"_padding_mobile":{"unit":"px","top":"0","right":"0","bottom":"0","left":"0","isLinked":false},"display_condition_list":[{"display_condition_login_status":"subscriber","_id":"694c6d5"}],"_ha_condition_list":[{"_id":"a9a7e15"}],"premium_mscroll_repeater":[],"premium_tooltip_text":"Hi, I'm a global tooltip.","premium_tooltip_position":"top,bottom","pa_badge_text":"New","ha_cmc_text":"Happy Addons","ha_gb_text":"New","ha_gb_lottie_url":"https:\/\/assets4.lottiefiles.com\/private_files\/lf30_ujs3c7ok.json"},"elements":[],"isInner":false,"widgetType":"image","elType":"widget"},{"id":"5d1eae15","settings":{"align_items":"center","menu_typography_typography":"custom","menu_typography_font_family":"Montserrat","menu_typography_font_size":{"unit":"px","size":"16","sizes":[]},"menu_typography_font_weight":"400","color_menu_item":"#16163f","color_menu_item_hover":"#d3b574","pointer_width":{"unit":"px","size":"0","sizes":[]},"padding_horizontal_menu_item":{"unit":"px","size":"0","sizes":[]},"menu_space_between":{"unit":"px","size":"50","sizes":[]},"color_dropdown_item":"#16163f","color_dropdown_item_hover":"#d3b574","background_color_dropdown_item_hover":"rgba(0,0,0,0)","color_dropdown_item_active":"#d3b574","background_color_dropdown_item_active":"rgba(0,0,0,0)","dropdown_typography_typography":"custom","dropdown_typography_font_family":"Montserrat","dropdown_typography_font_size":{"unit":"px","size":"16","sizes":[]},"dropdown_typography_font_weight":"400","dropdown_box_shadow_box_shadow_type":"yes","dropdown_box_shadow_box_shadow":{"horizontal":"0","vertical":"15","blur":"20","spread":"0","color":"rgba(0,0,0,0.1)"},"padding_horizontal_dropdown_item":{"unit":"px","size":"10","sizes":[]},"padding_vertical_dropdown_item":{"unit":"px","size":"20","sizes":[]},"dropdown_top_distance":{"unit":"px","size":"15","sizes":[]},"menu_typography_text_transform":"capitalize","full_width":"stretch","text_align":"center","toggle_align":"right","dropdown_typography_font_size_mobile":{"unit":"px","size":"16","sizes":[]},"padding_vertical_dropdown_item_mobile":{"unit":"px","size":"24","sizes":[]},"dropdown_top_distance_tablet":{"unit":"px","size":"20","sizes":[]},"dropdown_top_distance_mobile":{"unit":"px","size":"20","sizes":[]},"toggle_color":"#16163f","toggle_background_color":"#ffffff","display_condition_list":[{"display_condition_login_status":"subscriber","_id":"52aa392"}],"_ha_condition_list":[{"_id":"1577b7d"}],"premium_mscroll_repeater":[],"menu_name":"Menu","menu":"primary","premium_tooltip_text":"Hi, I'm a global tooltip.","premium_tooltip_position":"top,bottom","pa_badge_text":"New","ha_cmc_text":"Happy Addons","ha_gb_text":"New","ha_gb_lottie_url":"https:\/\/assets4.lottiefiles.com\/private_files\/lf30_ujs3c7ok.json","menu_id":10},"elements":[],"isInner":false,"widgetType":"nav-menu","elType":"widget"},{"id":"624a8943","settings":{"text":"Newsletter","align":"right","icon":"fa fa-long-arrow-right","icon_align":"right","icon_indent":{"unit":"px","size":6,"sizes":[]},"typography_typography":"custom","typography_font_family":"Montserrat","typography_font_size":{"unit":"px","size":"16","sizes":[]},"typography_font_weight":"400","border_radius":{"unit":"px","top":"0","right":"0","bottom":"0","left":"0","isLinked":"1"},"size":"md","text_padding_mobile":{"unit":"px","top":"15","right":"20","bottom":"15","left":"20","isLinked":""},"typography_text_transform":"capitalize","selected_icon":{"value":"huge huge-mail-at-sign-01","library":"huge-icons"},"__fa4_migrated":{"selected_icon":"1"},"__dynamic__":[],"hide_mobile":"hidden-phone","typography_font_size_mobile":{"unit":"px","size":13,"sizes":[]},"display_condition_list":[{"display_condition_login_status":"subscriber","_id":"6a7d585"}],"_ha_condition_list":[{"_id":"44b2da7"}],"premium_mscroll_repeater":[],"link":{"url":"#newsletter","is_external":"","nofollow":"","custom_attributes":""},"premium_tooltip_text":"Hi, I'm a global tooltip.","premium_tooltip_position":"top,bottom","pa_badge_text":"New","ha_cmc_text":"Happy Addons","ha_gb_text":"New","ha_gb_lottie_url":"https:\/\/assets4.lottiefiles.com\/private_files\/lf30_ujs3c7ok.json","__globals__":{"button_text_color":"globals\/colors?id=primary","background_color":"globals\/colors?id=accent","button_background_hover_color":"globals\/colors?id=secondary","hover_color":"globals\/colors?id=accent"}},"elements":[],"isInner":false,"widgetType":"button","elType":"widget"},{"id":"3bc3d4b7","settings":{"view":"inline","icon_list":[{"text":"","icon":"fa fa-linkedin","_id":"c22772a","selected_icon":{"value":"fab fa-linkedin","library":"fa-brands"},"__fa4_migrated":{"selected_icon":"1"},"link":{"url":"https:\/\/www.linkedin.com\/showcase\/mobility-trailblazers\/","is_external":"","nofollow":"","custom_attributes":""}}],"space_between":{"unit":"px","size":0,"sizes":[]},"icon_align":"right","icon_size":{"unit":"px","size":59,"sizes":[]},"icon_align_mobile":"left","icon_self_align":"center","display_condition_list":[{"display_condition_login_status":"subscriber","_id":"1e58350"}],"_ha_condition_list":[{"_id":"ddba4f4"}],"premium_mscroll_repeater":[],"premium_tooltip_text":"Hi, I'm a global tooltip.","premium_tooltip_position":"top,bottom","pa_badge_text":"New","ha_cmc_text":"Happy Addons","ha_gb_text":"New","ha_gb_lottie_url":"https:\/\/assets4.lottiefiles.com\/private_files\/lf30_ujs3c7ok.json","__globals__":{"icon_color":"globals\/colors?id=d6cea4e","icon_color_hover":"globals\/colors?id=secondary"}},"elements":[],"isInner":false,"widgetType":"icon-list","elType":"widget"}],"isInner":true,"elType":"container"}],"isInner":false,"elType":"container"}],"settings":{"ha_grid_zindex":"1000"},"metadata":[]}