{"content":[{"id":"74ad92d3","settings":{"min_height":{"unit":"px","size":1074,"sizes":[]},"flex_align_items":"center","structure":"30","background_background":"classic","background_color":"#4F00F6","background_image":{"url":"","id":"","size":"","alt":"","source":"library"},"background_position":"initial","background_xpos":{"unit":"%","size":0,"sizes":[]},"background_xpos_tablet":{"unit":"vw","size":0,"sizes":[]},"background_xpos_mobile":{"unit":"vw","size":0,"sizes":[]},"background_ypos":{"unit":"px","size":230,"sizes":[]},"background_repeat":"no-repeat","background_size":"contain","padding":{"unit":"%","top":"0","right":"0","bottom":"0","left":"0","isLinked":false},"padding_tablet":{"unit":"%","top":"","right":"","bottom":"","left":"","isLinked":true},"padding_mobile":{"unit":"%","top":"","right":"","bottom":"","left":"","isLinked":true},"min_height_tablet":{"unit":"px","size":430,"sizes":[]},"min_height_mobile":{"unit":"px","size":229,"sizes":[]},"background_size_tablet":"contain","background_bg_width_tablet":{"unit":"px","size":72,"sizes":[]},"z_index":2,"_title":"404 Hero","background_overlay_image":{"url":"","id":"","size":"","alt":"","source":"library"},"background_overlay_background":"classic","background_overlay_position":"bottom center","background_overlay_attachment":"scroll","background_overlay_repeat":"no-repeat","background_overlay_size":"initial","background_overlay_opacity":{"unit":"px","size":1,"sizes":[]},"flex_direction":"column","flex_gap":{"size":10,"unit":"px","column":"10","row":"10","isLinked":true},"flex_justify_content":"flex-end","background_bg_width":{"unit":"vw","size":110,"sizes":[]},"background_overlay_bg_width":{"unit":"vw","size":100,"sizes":[]},"background_overlay_bg_width_tablet":{"unit":"vw","size":"","sizes":[]},"background_overlay_bg_width_mobile":{"unit":"vw","size":"","sizes":[]},"margin":{"unit":"px","top":"0","right":"0","bottom":"0","left":"0","isLinked":false},"eael_parallax_layers_list":[],"eael_ext_content_protection_password_placeholder":"Enter Password","eael_ext_content_protection_password_submit_btn_txt":"Submit","eael_ext_content_protection_password_incorrect_message":"Password does not match.","eael_cl_logics":[{"_id":"bd4f89e","dynamic_field_custom_separator":"|"}],"_ha_condition_list":[{"_id":"5b1bf8a","_ha_condition_key":"login_status","_ha_condition_operator":"is","_ha_condition_login_status":"login","_ha_condition_role":"subscriber","_ha_condition_operating_system":"mac_os","_ha_condition_browser":"chrome","_ha_condition_date_range":"03-07-2025 to 05-07-2025","_ha_condition_date":"03-07-2025","_ha_condition_time":"12:00","_ha_condition_day":"monday","_ha_condition_country":["BD"],"_ha_condition_initial_load":"10-07-2025"}],"ha_cmc_text":"Happy Addons","ha_gb_text":"New","ha_gb_lottie_url":"https:\/\/assets4.lottiefiles.com\/private_files\/lf30_ujs3c7ok.json","background_video_fallback":{"url":"","id":"","size":""},"background_slideshow_gallery":[],"background_hover_image":{"url":"","id":"","size":""},"background_hover_video_fallback":{"url":"","id":"","size":""},"background_hover_slideshow_gallery":[],"background_overlay_video_fallback":{"url":"","id":"","size":""},"background_overlay_slideshow_gallery":[],"background_overlay_hover_image":{"url":"","id":"","size":""},"background_overlay_hover_video_fallback":{"url":"","id":"","size":""},"background_overlay_hover_slideshow_gallery":[],"display_condition_list":[{"display_condition_key":"role","display_condition_operator":"is","display_condition_login_status":"subscriber","_id":"","display_condition_operator_advanced_date":"less","display_condition_date":"03-07-2025","display_condition_day":"monday","display_condition_role":"subscriber","display_condition_browser":"chrome","display_condition_operating_system":"mac_os","display_condition_date_range":"03-07-2025 to 05-07-2025","display_condition_page":"","display_condition_post":"","display_condition_static_page":"home","display_condition_time_span_start":"10:00","display_condition_time_span_end":"11:00","display_condition_visitor_type":"new","display_condition_request_parameter_key":"","display_condition_request_parameter_value":"","display_condition_advanced_date":"03-07-2025","display_condition_geolocation":"","display_condition_acf_text_key":"","display_condition_acf_text_value":""}],"premium_tooltip_icon":{"value":"fas fa-star","library":"fa-solid"},"premium_tooltip_gallery":[],"premium_tooltip_container_bg_image":{"url":"","id":"","size":""},"premium_tooltip_container_bg_video_fallback":{"url":"","id":"","size":""},"premium_tooltip_container_bg_slideshow_gallery":[],"premium_gdivider_image":{"id":1318,"url":"https:\/\/mobilitytrailblazers.de\/wp-content\/uploads\/2025\/07\/placeholder-43.png"},"premium_parallax_layers_list":[],"premium_gradient_colors_repeater":[],"premium_kenburns_repeater":[],"premium_lottie_repeater":[],"premium_blob_repeater":[],"pa_badge_icon":{"value":"fas fa-mouse-pointer","library":"solid"},"pa_badge_img":{"url":"","id":"","size":""},"pa_badge_bg_image":{"url":"","id":"","size":""},"pa_badge_bg_video_fallback":{"url":"","id":"","size":""},"pa_badge_bg_slideshow_gallery":[],"ha_cmc_icon":{"value":"fas fa-mouse-pointer","library":"fa-solid"},"ha_cmc_image":{"url":"","id":"","size":""},"ha_cmc_video":{"url":"","id":"","size":""},"ha_gb_icon":{"value":"fas fa-ribbon","library":"fa-solid"},"ha_gb_img":{"url":"","id":"","size":""},"ha_gb_bg_video_fallback":{"url":"","id":"","size":""},"ha_gb_bg_slideshow_gallery":[]},"elements":[{"id":"59c7cf1d","settings":{"content_width":"full","min_height":{"unit":"px","size":721,"sizes":[]},"flex_direction":"row","flex_justify_content":"center","flex_align_items":"stretch","flex_gap":{"unit":"vw","size":3,"sizes":[],"column":"3","row":"3","isLinked":true},"flex_gap_tablet":{"unit":"vw","size":11,"sizes":[],"column":"11","row":"11","isLinked":true},"flex_gap_mobile":{"unit":"vw","size":"","sizes":[],"column":"","row":"","isLinked":true},"background_background":"classic","background_image":{"id":"","url":"https:\/\/mobilitytrailblazers.de\/wp-content\/plugins\/elementor\/assets\/images\/placeholder.png"},"background_position":"center center","background_repeat":"repeat-x","margin":{"unit":"px","top":"0","right":"0","bottom":"490","left":"0","isLinked":false},"min_height_tablet":{"unit":"px","size":351,"sizes":[]},"min_height_mobile":{"unit":"px","size":181,"sizes":[]},"flex_direction_mobile":"row","background_size_tablet":"contain","margin_tablet":{"unit":"px","top":"0","right":"0","bottom":"0","left":"0","isLinked":false},"padding":{"unit":"px","top":"0","right":"0","bottom":"0","left":"0","isLinked":true},"eael_parallax_layers_list":[],"eael_ext_content_protection_password_placeholder":"Enter Password","eael_ext_content_protection_password_submit_btn_txt":"Submit","eael_ext_content_protection_password_incorrect_message":"Password does not match.","eael_cl_logics":[{"_id":"f1450bc","dynamic_field_custom_separator":"|"}],"_ha_condition_list":[{"_id":"378e47a","_ha_condition_key":"login_status","_ha_condition_operator":"is","_ha_condition_login_status":"login","_ha_condition_role":"subscriber","_ha_condition_operating_system":"mac_os","_ha_condition_browser":"chrome","_ha_condition_date_range":"03-07-2025 to 05-07-2025","_ha_condition_date":"03-07-2025","_ha_condition_time":"12:00","_ha_condition_day":"monday","_ha_condition_country":["BD"],"_ha_condition_initial_load":"10-07-2025"}],"ha_cmc_text":"Happy Addons","ha_gb_text":"New","ha_gb_lottie_url":"https:\/\/assets4.lottiefiles.com\/private_files\/lf30_ujs3c7ok.json","background_video_fallback":{"url":"","id":"","size":""},"background_slideshow_gallery":[],"background_hover_image":{"url":"","id":"","size":""},"background_hover_video_fallback":{"url":"","id":"","size":""},"background_hover_slideshow_gallery":[],"background_overlay_image":{"url":"","id":"","size":""},"background_overlay_video_fallback":{"url":"","id":"","size":""},"background_overlay_slideshow_gallery":[],"background_overlay_hover_image":{"url":"","id":"","size":""},"background_overlay_hover_video_fallback":{"url":"","id":"","size":""},"background_overlay_hover_slideshow_gallery":[],"display_condition_list":[{"display_condition_key":"role","display_condition_operator":"is","display_condition_login_status":"subscriber","_id":"","display_condition_operator_advanced_date":"less","display_condition_date":"03-07-2025","display_condition_day":"monday","display_condition_role":"subscriber","display_condition_browser":"chrome","display_condition_operating_system":"mac_os","display_condition_date_range":"03-07-2025 to 05-07-2025","display_condition_page":"","display_condition_post":"","display_condition_static_page":"home","display_condition_time_span_start":"10:00","display_condition_time_span_end":"11:00","display_condition_visitor_type":"new","display_condition_request_parameter_key":"","display_condition_request_parameter_value":"","display_condition_advanced_date":"03-07-2025","display_condition_geolocation":"","display_condition_acf_text_key":"","display_condition_acf_text_value":""}],"premium_tooltip_icon":{"value":"fas fa-star","library":"fa-solid"},"premium_tooltip_gallery":[],"premium_tooltip_container_bg_image":{"url":"","id":"","size":""},"premium_tooltip_container_bg_video_fallback":{"url":"","id":"","size":""},"premium_tooltip_container_bg_slideshow_gallery":[],"premium_gdivider_image":{"id":1317,"url":"https:\/\/mobilitytrailblazers.de\/wp-content\/uploads\/2025\/07\/placeholder-42.png"},"premium_parallax_layers_list":[],"premium_gradient_colors_repeater":[],"premium_kenburns_repeater":[],"premium_lottie_repeater":[],"premium_blob_repeater":[],"pa_badge_icon":{"value":"fas fa-mouse-pointer","library":"solid"},"pa_badge_img":{"url":"","id":"","size":""},"pa_badge_bg_image":{"url":"","id":"","size":""},"pa_badge_bg_video_fallback":{"url":"","id":"","size":""},"pa_badge_bg_slideshow_gallery":[],"ha_cmc_icon":{"value":"fas fa-mouse-pointer","library":"fa-solid"},"ha_cmc_image":{"url":"","id":"","size":""},"ha_cmc_video":{"url":"","id":"","size":""},"ha_gb_icon":{"value":"fas fa-ribbon","library":"fa-solid"},"ha_gb_img":{"url":"","id":"","size":""},"ha_gb_bg_video_fallback":{"url":"","id":"","size":""},"ha_gb_bg_slideshow_gallery":[]},"elements":[{"id":"723d91b9","settings":{"text":"Retour<BR>Accueil","align":"right","typography_typography":"custom","typography_font_family":"Helvetica","typography_font_size":{"unit":"px","size":47,"sizes":[]},"typography_font_weight":"700","typography_text_transform":"uppercase","typography_font_style":"italic","typography_text_decoration":"underline","typography_line_height":{"unit":"px","size":52,"sizes":[]},"typography_line_height_tablet":{"unit":"px","size":30,"sizes":[]},"typography_line_height_mobile":{"unit":"px","size":20,"sizes":[]},"button_text_color":"#4F00F6","background_color":"#F2FFF6","border_radius":{"unit":"px","top":"1000","right":"1000","bottom":"1000","left":"1000","isLinked":true},"text_padding":{"unit":"px","top":"50","right":"30","bottom":"41","left":"25","isLinked":false},"__globals__":{"background_color":""},"hover_animation":"grow","_margin":{"unit":"%","top":"0","right":"11","bottom":"0","left":"0","isLinked":false},"_margin_tablet":{"unit":"%","top":"","right":"","bottom":"","left":"","isLinked":true},"_margin_mobile":{"unit":"%","top":"-17","right":"0","bottom":"0","left":"0","isLinked":false},"typography_font_size_tablet":{"unit":"px","size":25,"sizes":[]},"text_padding_tablet":{"unit":"px","top":"25","right":"20","bottom":"25","left":"20","isLinked":false},"align_mobile":"right","typography_letter_spacing":{"unit":"px","size":0,"sizes":[]},"typography_word_spacing":{"unit":"em","size":0,"sizes":[]},"text_padding_mobile":{"unit":"px","top":"24","right":"27","bottom":"24","left":"25","isLinked":false},"_z_index":5,"border_border":"solid","border_width_mobile":{"unit":"px","top":"2","right":"2","bottom":"2","left":"2","isLinked":true},"border_color":"#4F00F6","typography_letter_spacing_mobile":{"unit":"px","size":0,"sizes":[]},"typography_word_spacing_mobile":{"unit":"em","size":0,"sizes":[]},"_position":"absolute","_offset_orientation_h":"end","_offset_x_end":{"size":0,"unit":"%"},"_offset_x_end_tablet":{"unit":"%","size":"","sizes":[]},"_offset_x_end_mobile":{"unit":"%","size":"","sizes":[]},"_offset_y":{"size":455,"unit":"px"},"typography_font_size_mobile":{"unit":"px","size":13,"sizes":[]},"_offset_y_mobile":{"unit":"px","size":263,"sizes":[]},"link":{"url":"http:\/\/championnatavionpapier.fr\/","is_external":"","nofollow":"","custom_attributes":""},"eael_tooltip_section_content":"I am a tooltip","eael_ext_content_protection_password_placeholder":"Enter Password","eael_ext_content_protection_password_submit_btn_txt":"Submit","eael_ext_content_protection_password_incorrect_message":"Password does not match.","eael_cl_logics":[{"_id":"baa5d20","dynamic_field_custom_separator":"|"}],"ha_advanced_tooltip_content":"I am a tooltip","_ha_condition_list":[{"_id":"811bcb7","_ha_condition_key":"login_status","_ha_condition_operator":"is","_ha_condition_login_status":"login","_ha_condition_role":"subscriber","_ha_condition_operating_system":"mac_os","_ha_condition_browser":"chrome","_ha_condition_date_range":"03-07-2025 to 05-07-2025","_ha_condition_date":"03-07-2025","_ha_condition_time":"12:00","_ha_condition_day":"monday","_ha_condition_country":["BD"],"_ha_condition_initial_load":"10-07-2025"}],"ha_cmc_text":"Happy Addons","ha_gb_text":"New","ha_gb_lottie_url":"https:\/\/assets4.lottiefiles.com\/private_files\/lf30_ujs3c7ok.json","selected_icon":{"value":"","library":""},"background_video_fallback":{"url":"","id":"","size":""},"background_slideshow_gallery":[],"button_background_hover_video_fallback":{"url":"","id":"","size":""},"button_background_hover_slideshow_gallery":[],"display_condition_list":[{"display_condition_key":"role","display_condition_operator":"is","display_condition_login_status":"subscriber","_id":"","display_condition_operator_advanced_date":"less","display_condition_date":"03-07-2025","display_condition_day":"monday","display_condition_role":"subscriber","display_condition_browser":"chrome","display_condition_operating_system":"mac_os","display_condition_date_range":"03-07-2025 to 05-07-2025","display_condition_page":"","display_condition_post":"","display_condition_static_page":"home","display_condition_time_span_start":"10:00","display_condition_time_span_end":"11:00","display_condition_visitor_type":"new","display_condition_request_parameter_key":"","display_condition_request_parameter_value":"","display_condition_advanced_date":"03-07-2025","display_condition_geolocation":"","display_condition_acf_text_key":"","display_condition_acf_text_value":""}],"premium_tooltip_icon":{"value":"fas fa-star","library":"fa-solid"},"premium_tooltip_gallery":[],"premium_tooltip_container_bg_image":{"url":"","id":"","size":""},"premium_tooltip_container_bg_video_fallback":{"url":"","id":"","size":""},"premium_tooltip_container_bg_slideshow_gallery":[],"pa_badge_icon":{"value":"fas fa-mouse-pointer","library":"solid"},"pa_badge_img":{"url":"","id":"","size":""},"pa_badge_bg_image":{"url":"","id":"","size":""},"pa_badge_bg_video_fallback":{"url":"","id":"","size":""},"pa_badge_bg_slideshow_gallery":[],"premium_mscroll_repeater":[],"ha_cmc_icon":{"value":"fas fa-mouse-pointer","library":"fa-solid"},"ha_cmc_image":{"url":"","id":"","size":""},"ha_cmc_video":{"url":"","id":"","size":""},"ha_gb_icon":{"value":"fas fa-ribbon","library":"fa-solid"},"ha_gb_img":{"url":"","id":"","size":""},"ha_gb_bg_video_fallback":{"url":"","id":"","size":""},"ha_gb_bg_slideshow_gallery":[],"_background_image":{"url":"","id":"","size":""},"_background_video_fallback":{"url":"","id":"","size":""},"_background_slideshow_gallery":[],"_background_hover_image":{"url":"","id":"","size":""},"_background_hover_video_fallback":{"url":"","id":"","size":""},"_background_hover_slideshow_gallery":[],"_ha_background_overlay_image":{"url":"","id":"","size":""},"_ha_background_overlay_video_fallback":{"url":"","id":"","size":""},"_ha_background_overlay_slideshow_gallery":[],"_ha_background_overlay_hover_image":{"url":"","id":"","size":""},"_ha_background_overlay_hover_video_fallback":{"url":"","id":"","size":""},"_ha_background_overlay_hover_slideshow_gallery":[],"_mask_image":{"url":"","id":"","size":""}},"elements":[],"isInner":false,"widgetType":"button","elType":"widget"},{"id":"4e0e4b01","settings":{"title":"4","align":"right","title_color":"#FF4A00","typography_typography":"custom","typography_font_family":"Work Sans","typography_font_size":{"unit":"px","size":500,"sizes":[]},"typography_font_weight":"700","typography_line_height":{"unit":"em","size":1,"sizes":[]},"typography_letter_spacing":{"unit":"px","size":0,"sizes":[]},"typography_word_spacing":{"unit":"em","size":0,"sizes":[]},"_animation":"fadeIn","animation_duration":"slow","_animation_delay":700,"_transform_flipY_effect_hover":"transform","_transform_transition_hover":{"unit":"px","size":4797,"sizes":[]},"align_tablet":"left","typography_font_size_tablet":{"unit":"px","size":200,"sizes":[]},"typography_font_size_mobile":{"unit":"px","size":90,"sizes":[]},"typography_text_transform":"none","typography_font_style":"normal","typography_text_decoration":"none","header_size":"span","_margin":{"unit":"em","top":"0","right":"0","bottom":"0","left":"0","isLinked":false},"_margin_tablet":{"unit":"em","top":"","right":"","bottom":"","left":"","isLinked":true},"_margin_mobile":{"unit":"em","top":"","right":"","bottom":"","left":"","isLinked":true},"eael_tooltip_section_content":"I am a tooltip","eael_ext_content_protection_password_placeholder":"Enter Password","eael_ext_content_protection_password_submit_btn_txt":"Submit","eael_ext_content_protection_password_incorrect_message":"Password does not match.","eael_cl_logics":[{"_id":"4d1d58b","dynamic_field_custom_separator":"|"}],"ha_advanced_tooltip_content":"I am a tooltip","_ha_condition_list":[{"_id":"3fff46b","_ha_condition_key":"login_status","_ha_condition_operator":"is","_ha_condition_login_status":"login","_ha_condition_role":"subscriber","_ha_condition_operating_system":"mac_os","_ha_condition_browser":"chrome","_ha_condition_date_range":"03-07-2025 to 05-07-2025","_ha_condition_date":"03-07-2025","_ha_condition_time":"12:00","_ha_condition_day":"monday","_ha_condition_country":["BD"],"_ha_condition_initial_load":"10-07-2025"}],"ha_cmc_text":"Happy Addons","ha_gb_text":"New","ha_gb_lottie_url":"https:\/\/assets4.lottiefiles.com\/private_files\/lf30_ujs3c7ok.json","display_condition_list":[{"display_condition_key":"role","display_condition_operator":"is","display_condition_login_status":"subscriber","_id":"","display_condition_operator_advanced_date":"less","display_condition_date":"03-07-2025","display_condition_day":"monday","display_condition_role":"subscriber","display_condition_browser":"chrome","display_condition_operating_system":"mac_os","display_condition_date_range":"03-07-2025 to 05-07-2025","display_condition_page":"","display_condition_post":"","display_condition_static_page":"home","display_condition_time_span_start":"10:00","display_condition_time_span_end":"11:00","display_condition_visitor_type":"new","display_condition_request_parameter_key":"","display_condition_request_parameter_value":"","display_condition_advanced_date":"03-07-2025","display_condition_geolocation":"","display_condition_acf_text_key":"","display_condition_acf_text_value":""}],"premium_tooltip_icon":{"value":"fas fa-star","library":"fa-solid"},"premium_tooltip_gallery":[],"premium_tooltip_container_bg_image":{"url":"","id":"","size":""},"premium_tooltip_container_bg_video_fallback":{"url":"","id":"","size":""},"premium_tooltip_container_bg_slideshow_gallery":[],"pa_badge_icon":{"value":"fas fa-mouse-pointer","library":"solid"},"pa_badge_img":{"url":"","id":"","size":""},"pa_badge_bg_image":{"url":"","id":"","size":""},"pa_badge_bg_video_fallback":{"url":"","id":"","size":""},"pa_badge_bg_slideshow_gallery":[],"premium_mscroll_repeater":[],"ha_cmc_icon":{"value":"fas fa-mouse-pointer","library":"fa-solid"},"ha_cmc_image":{"url":"","id":"","size":""},"ha_cmc_video":{"url":"","id":"","size":""},"ha_gb_icon":{"value":"fas fa-ribbon","library":"fa-solid"},"ha_gb_img":{"url":"","id":"","size":""},"ha_gb_bg_video_fallback":{"url":"","id":"","size":""},"ha_gb_bg_slideshow_gallery":[],"_background_image":{"url":"","id":"","size":""},"_background_video_fallback":{"url":"","id":"","size":""},"_background_slideshow_gallery":[],"_background_hover_image":{"url":"","id":"","size":""},"_background_hover_video_fallback":{"url":"","id":"","size":""},"_background_hover_slideshow_gallery":[],"_ha_background_overlay_image":{"url":"","id":"","size":""},"_ha_background_overlay_video_fallback":{"url":"","id":"","size":""},"_ha_background_overlay_slideshow_gallery":[],"_ha_background_overlay_hover_image":{"url":"","id":"","size":""},"_ha_background_overlay_hover_video_fallback":{"url":"","id":"","size":""},"_ha_background_overlay_hover_slideshow_gallery":[],"_mask_image":{"url":"","id":"","size":""}},"elements":[],"isInner":false,"widgetType":"heading","elType":"widget"},{"id":"59d7799c","settings":{"title":"0","title_color":"#FF4A00","typography_typography":"custom","typography_font_family":"Work Sans","typography_font_size":{"unit":"px","size":500,"sizes":[]},"typography_font_weight":"700","typography_line_height":{"unit":"em","size":1,"sizes":[]},"typography_letter_spacing":{"unit":"px","size":0,"sizes":[]},"typography_word_spacing":{"unit":"em","size":0,"sizes":[]},"_animation":"fadeIn","animation_duration":"slow","_animation_delay":500,"_transform_flipX_effect_hover":"transform","_transform_transition_hover":{"unit":"px","size":4168,"sizes":[]},"align_tablet":"center","typography_font_size_tablet":{"unit":"px","size":200,"sizes":[]},"typography_font_size_mobile":{"unit":"px","size":90,"sizes":[]},"typography_text_transform":"none","typography_font_style":"normal","typography_text_decoration":"none","header_size":"span","_margin":{"unit":"%","top":"0","right":"0","bottom":"0","left":"0","isLinked":false},"_margin_tablet":{"unit":"%","top":"","right":"","bottom":"","left":"","isLinked":true},"_margin_mobile":{"unit":"%","top":"","right":"","bottom":"","left":"","isLinked":true},"_flex_align_self":"flex-end","align":"center","eael_tooltip_section_content":"I am a tooltip","eael_ext_content_protection_password_placeholder":"Enter Password","eael_ext_content_protection_password_submit_btn_txt":"Submit","eael_ext_content_protection_password_incorrect_message":"Password does not match.","eael_cl_logics":[{"_id":"5cc38fd","dynamic_field_custom_separator":"|"}],"ha_advanced_tooltip_content":"I am a tooltip","_ha_condition_list":[{"_id":"d9b728c","_ha_condition_key":"login_status","_ha_condition_operator":"is","_ha_condition_login_status":"login","_ha_condition_role":"subscriber","_ha_condition_operating_system":"mac_os","_ha_condition_browser":"chrome","_ha_condition_date_range":"03-07-2025 to 05-07-2025","_ha_condition_date":"03-07-2025","_ha_condition_time":"12:00","_ha_condition_day":"monday","_ha_condition_country":["BD"],"_ha_condition_initial_load":"10-07-2025"}],"ha_cmc_text":"Happy Addons","ha_gb_text":"New","ha_gb_lottie_url":"https:\/\/assets4.lottiefiles.com\/private_files\/lf30_ujs3c7ok.json","display_condition_list":[{"display_condition_key":"role","display_condition_operator":"is","display_condition_login_status":"subscriber","_id":"","display_condition_operator_advanced_date":"less","display_condition_date":"03-07-2025","display_condition_day":"monday","display_condition_role":"subscriber","display_condition_browser":"chrome","display_condition_operating_system":"mac_os","display_condition_date_range":"03-07-2025 to 05-07-2025","display_condition_page":"","display_condition_post":"","display_condition_static_page":"home","display_condition_time_span_start":"10:00","display_condition_time_span_end":"11:00","display_condition_visitor_type":"new","display_condition_request_parameter_key":"","display_condition_request_parameter_value":"","display_condition_advanced_date":"03-07-2025","display_condition_geolocation":"","display_condition_acf_text_key":"","display_condition_acf_text_value":""}],"premium_tooltip_icon":{"value":"fas fa-star","library":"fa-solid"},"premium_tooltip_gallery":[],"premium_tooltip_container_bg_image":{"url":"","id":"","size":""},"premium_tooltip_container_bg_video_fallback":{"url":"","id":"","size":""},"premium_tooltip_container_bg_slideshow_gallery":[],"pa_badge_icon":{"value":"fas fa-mouse-pointer","library":"solid"},"pa_badge_img":{"url":"","id":"","size":""},"pa_badge_bg_image":{"url":"","id":"","size":""},"pa_badge_bg_video_fallback":{"url":"","id":"","size":""},"pa_badge_bg_slideshow_gallery":[],"premium_mscroll_repeater":[],"ha_cmc_icon":{"value":"fas fa-mouse-pointer","library":"fa-solid"},"ha_cmc_image":{"url":"","id":"","size":""},"ha_cmc_video":{"url":"","id":"","size":""},"ha_gb_icon":{"value":"fas fa-ribbon","library":"fa-solid"},"ha_gb_img":{"url":"","id":"","size":""},"ha_gb_bg_video_fallback":{"url":"","id":"","size":""},"ha_gb_bg_slideshow_gallery":[],"_background_image":{"url":"","id":"","size":""},"_background_video_fallback":{"url":"","id":"","size":""},"_background_slideshow_gallery":[],"_background_hover_image":{"url":"","id":"","size":""},"_background_hover_video_fallback":{"url":"","id":"","size":""},"_background_hover_slideshow_gallery":[],"_ha_background_overlay_image":{"url":"","id":"","size":""},"_ha_background_overlay_video_fallback":{"url":"","id":"","size":""},"_ha_background_overlay_slideshow_gallery":[],"_ha_background_overlay_hover_image":{"url":"","id":"","size":""},"_ha_background_overlay_hover_video_fallback":{"url":"","id":"","size":""},"_ha_background_overlay_hover_slideshow_gallery":[],"_mask_image":{"url":"","id":"","size":""}},"elements":[],"isInner":false,"widgetType":"heading","elType":"widget"},{"id":"7c6eb3d7","settings":{"title":"4","title_color":"#FF4A00","typography_typography":"custom","typography_font_family":"Work Sans","typography_font_size":{"unit":"px","size":500,"sizes":[]},"typography_font_weight":"700","typography_line_height":{"unit":"em","size":1,"sizes":[]},"typography_letter_spacing":{"unit":"px","size":0,"sizes":[]},"typography_word_spacing":{"unit":"em","size":0,"sizes":[]},"_animation":"fadeIn","animation_duration":"slow","_animation_delay":500,"_transform_flipX_effect_hover":"transform","_transform_transition_hover":{"unit":"px","size":4168,"sizes":[]},"align_tablet":"center","typography_font_size_tablet":{"unit":"px","size":200,"sizes":[]},"typography_font_size_mobile":{"unit":"px","size":90,"sizes":[]},"typography_text_transform":"none","typography_font_style":"normal","typography_text_decoration":"none","header_size":"span","_margin":{"unit":"%","top":"0","right":"0","bottom":"0","left":"0","isLinked":false},"_margin_tablet":{"unit":"%","top":"","right":"","bottom":"","left":"","isLinked":true},"_margin_mobile":{"unit":"%","top":"","right":"","bottom":"","left":"","isLinked":true},"align":"left","eael_tooltip_section_content":"I am a tooltip","eael_ext_content_protection_password_placeholder":"Enter Password","eael_ext_content_protection_password_submit_btn_txt":"Submit","eael_ext_content_protection_password_incorrect_message":"Password does not match.","eael_cl_logics":[{"_id":"498f6fe","dynamic_field_custom_separator":"|"}],"ha_advanced_tooltip_content":"I am a tooltip","_ha_condition_list":[{"_id":"3a0e85b","_ha_condition_key":"login_status","_ha_condition_operator":"is","_ha_condition_login_status":"login","_ha_condition_role":"subscriber","_ha_condition_operating_system":"mac_os","_ha_condition_browser":"chrome","_ha_condition_date_range":"03-07-2025 to 05-07-2025","_ha_condition_date":"03-07-2025","_ha_condition_time":"12:00","_ha_condition_day":"monday","_ha_condition_country":["BD"],"_ha_condition_initial_load":"10-07-2025"}],"ha_cmc_text":"Happy Addons","ha_gb_text":"New","ha_gb_lottie_url":"https:\/\/assets4.lottiefiles.com\/private_files\/lf30_ujs3c7ok.json","display_condition_list":[{"display_condition_key":"role","display_condition_operator":"is","display_condition_login_status":"subscriber","_id":"","display_condition_operator_advanced_date":"less","display_condition_date":"03-07-2025","display_condition_day":"monday","display_condition_role":"subscriber","display_condition_browser":"chrome","display_condition_operating_system":"mac_os","display_condition_date_range":"03-07-2025 to 05-07-2025","display_condition_page":"","display_condition_post":"","display_condition_static_page":"home","display_condition_time_span_start":"10:00","display_condition_time_span_end":"11:00","display_condition_visitor_type":"new","display_condition_request_parameter_key":"","display_condition_request_parameter_value":"","display_condition_advanced_date":"03-07-2025","display_condition_geolocation":"","display_condition_acf_text_key":"","display_condition_acf_text_value":""}],"premium_tooltip_icon":{"value":"fas fa-star","library":"fa-solid"},"premium_tooltip_gallery":[],"premium_tooltip_container_bg_image":{"url":"","id":"","size":""},"premium_tooltip_container_bg_video_fallback":{"url":"","id":"","size":""},"premium_tooltip_container_bg_slideshow_gallery":[],"pa_badge_icon":{"value":"fas fa-mouse-pointer","library":"solid"},"pa_badge_img":{"url":"","id":"","size":""},"pa_badge_bg_image":{"url":"","id":"","size":""},"pa_badge_bg_video_fallback":{"url":"","id":"","size":""},"pa_badge_bg_slideshow_gallery":[],"premium_mscroll_repeater":[],"ha_cmc_icon":{"value":"fas fa-mouse-pointer","library":"fa-solid"},"ha_cmc_image":{"url":"","id":"","size":""},"ha_cmc_video":{"url":"","id":"","size":""},"ha_gb_icon":{"value":"fas fa-ribbon","library":"fa-solid"},"ha_gb_img":{"url":"","id":"","size":""},"ha_gb_bg_video_fallback":{"url":"","id":"","size":""},"ha_gb_bg_slideshow_gallery":[],"_background_image":{"url":"","id":"","size":""},"_background_video_fallback":{"url":"","id":"","size":""},"_background_slideshow_gallery":[],"_background_hover_image":{"url":"","id":"","size":""},"_background_hover_video_fallback":{"url":"","id":"","size":""},"_background_hover_slideshow_gallery":[],"_ha_background_overlay_image":{"url":"","id":"","size":""},"_ha_background_overlay_video_fallback":{"url":"","id":"","size":""},"_ha_background_overlay_slideshow_gallery":[],"_ha_background_overlay_hover_image":{"url":"","id":"","size":""},"_ha_background_overlay_hover_video_fallback":{"url":"","id":"","size":""},"_ha_background_overlay_hover_slideshow_gallery":[],"_mask_image":{"url":"","id":"","size":""}},"elements":[],"isInner":false,"widgetType":"heading","elType":"widget"}],"isInner":true,"elType":"container"}],"isInner":false,"elType":"container"}],"settings":{"ha_grid_zindex":"1000"},"metadata":[]}