{"content":[{"id":"6bb293ca","settings":{"layout":"full_width","boxed_width":{"unit":"px","size":"1200","sizes":[]},"box_shadow_box_shadow_type":"yes","box_shadow_box_shadow":{"horizontal":"0","vertical":"5","blur":"30","spread":"0","color":"rgba(0,0,0,0.1)"},"z_index":"10","_title":"Header","_element_id":"header_pop","flex_direction":"column","flex_align_items":"center","flex_gap":{"size":0,"unit":"px","column":"0","row":"0","isLinked":true},"content_width":"full","flex_wrap":"wrap","padding":{"unit":"%","top":"0","right":"0","bottom":"0","left":"0","isLinked":true},"padding_tablet":{"unit":"%","top":"","right":"","bottom":"","left":"","isLinked":true},"padding_mobile":{"unit":"%","top":"","right":"","bottom":"","left":"","isLinked":true},"sticky":"top","eael_parallax_layers_list":[],"eael_cl_logics":[{"_id":"ff366c5","dynamic_field_custom_separator":"|"}],"background_background":"classic","eael_ext_content_protection_password_placeholder":"Enter Password","eael_ext_content_protection_password_submit_btn_txt":"Submit","eael_ext_content_protection_password_incorrect_message":"Password does not match.","__globals__":{"background_color":""},"background_color":"#0067C8","width":{"unit":"%","size":100,"sizes":[]},"min_height":{"unit":"vh","size":5,"sizes":[]},"min_height_tablet":{"unit":"custom","size":"","sizes":[]},"min_height_mobile":{"unit":"custom","size":"","sizes":[]},"pa_condition_repeater":[],"premium_tooltip_text":"Hi, I'm a global tooltip.","premium_tooltip_position":"top,bottom","premium_parallax_layers_list":[],"premium_gradient_colors_repeater":[],"premium_kenburns_repeater":[],"premium_lottie_repeater":[],"premium_blob_repeater":[],"pa_cursor_ftext":"Premium Follow Text","pa_badge_text":"New","_ha_condition_list":[{"_id":"95f546a","_ha_condition_key":"login_status","_ha_condition_operator":"is","_ha_condition_login_status":"login","_ha_condition_role":"subscriber","_ha_condition_operating_system":"mac_os","_ha_condition_browser":"chrome","_ha_condition_date_range":"03-07-2025 to 05-07-2025","_ha_condition_date":"03-07-2025","_ha_condition_time":"12:00","_ha_condition_day":"monday","_ha_condition_country":["BD"],"_ha_condition_initial_load":"10-07-2025"}],"ha_cmc_text":"Happy Addons","ha_gb_text":"New","ha_gb_lottie_url":"https:\/\/assets4.lottiefiles.com\/private_files\/lf30_ujs3c7ok.json","background_image":{"url":"","id":"","size":""},"background_video_fallback":{"url":"","id":"","size":""},"background_slideshow_gallery":[],"background_hover_image":{"url":"","id":"","size":""},"background_hover_video_fallback":{"url":"","id":"","size":""},"background_hover_slideshow_gallery":[],"background_overlay_image":{"url":"","id":"","size":""},"background_overlay_video_fallback":{"url":"","id":"","size":""},"background_overlay_slideshow_gallery":[],"background_overlay_hover_image":{"url":"","id":"","size":""},"background_overlay_hover_video_fallback":{"url":"","id":"","size":""},"background_overlay_hover_slideshow_gallery":[],"display_condition_list":[{"display_condition_key":"role","display_condition_operator":"is","display_condition_login_status":"subscriber","_id":"","display_condition_operator_advanced_date":"less","display_condition_date":"03-07-2025","display_condition_day":"monday","display_condition_role":"subscriber","display_condition_browser":"chrome","display_condition_operating_system":"mac_os","display_condition_date_range":"03-07-2025 to 05-07-2025","display_condition_page":"","display_condition_post":"","display_condition_static_page":"home","display_condition_time_span_start":"10:00","display_condition_time_span_end":"11:00","display_condition_visitor_type":"new","display_condition_request_parameter_key":"","display_condition_request_parameter_value":"","display_condition_advanced_date":"03-07-2025","display_condition_geolocation":"","display_condition_acf_text_key":"","display_condition_acf_text_value":""}],"premium_tooltip_icon":{"value":"fas fa-star","library":"fa-solid"},"premium_tooltip_gallery":[],"premium_tooltip_container_bg_image":{"url":"","id":"","size":""},"premium_tooltip_container_bg_video_fallback":{"url":"","id":"","size":""},"premium_tooltip_container_bg_slideshow_gallery":[],"premium_gdivider_image":{"id":1326,"url":"https:\/\/mobilitytrailblazers.de\/wp-content\/uploads\/2025\/07\/placeholder-48.png"},"pa_badge_icon":{"value":"fas fa-mouse-pointer","library":"solid"},"pa_badge_img":{"url":"","id":"","size":""},"pa_badge_bg_image":{"url":"","id":"","size":""},"pa_badge_bg_video_fallback":{"url":"","id":"","size":""},"pa_badge_bg_slideshow_gallery":[],"ha_cmc_icon":{"value":"fas fa-mouse-pointer","library":"fa-solid"},"ha_cmc_image":{"url":"","id":"","size":""},"ha_cmc_video":{"url":"","id":"","size":""},"ha_gb_icon":{"value":"fas fa-ribbon","library":"fa-solid"},"ha_gb_img":{"url":"","id":"","size":""},"ha_gb_bg_video_fallback":{"url":"","id":"","size":""},"ha_gb_bg_slideshow_gallery":[]},"elements":[{"id":"7720006","settings":{"width":{"unit":"px","size":"1200","sizes":[]},"structure":"30","background_background":"classic","background_color":"#0067C8","margin":{"unit":"px","top":"0","right":"0","bottom":"0","left":"0","isLinked":"1"},"margin_mobile":{"unit":"px","top":"","right":"0","bottom":"","left":"0","isLinked":"1"},"padding":{"unit":"px","top":"12","right":"12","bottom":"12","left":"12","isLinked":true},"padding_mobile":{"unit":"px","top":"15","right":"15","bottom":"15","left":"15","isLinked":"1"},"reverse_order_mobile":"reverse-mobile","flex_direction":"row","flex_align_items":"stretch","flex_gap":{"size":10,"unit":"px","column":"10","row":"10","isLinked":true},"boxed_width":{"unit":"px","size":1200,"sizes":[]},"flex_justify_content":"space-between","padding_tablet":{"unit":"px","top":"27","right":"15","bottom":"27","left":"15","isLinked":false},"eael_parallax_layers_list":[],"eael_cl_logics":[{"_id":"691ef5c","dynamic_field_custom_separator":"|"}],"eael_ext_content_protection_password_placeholder":"Enter Password","eael_ext_content_protection_password_submit_btn_txt":"Submit","eael_ext_content_protection_password_incorrect_message":"Password does not match.","pa_condition_repeater":[],"premium_tooltip_text":"Hi, I'm a global tooltip.","premium_tooltip_position":"top,bottom","premium_parallax_layers_list":[],"premium_gradient_colors_repeater":[],"premium_kenburns_repeater":[],"premium_lottie_repeater":[],"premium_blob_repeater":[],"pa_cursor_ftext":"Premium Follow Text","pa_badge_text":"New","_ha_condition_list":[{"_id":"7770d11","_ha_condition_key":"login_status","_ha_condition_operator":"is","_ha_condition_login_status":"login","_ha_condition_role":"subscriber","_ha_condition_operating_system":"mac_os","_ha_condition_browser":"chrome","_ha_condition_date_range":"03-07-2025 to 05-07-2025","_ha_condition_date":"03-07-2025","_ha_condition_time":"12:00","_ha_condition_day":"monday","_ha_condition_country":["BD"],"_ha_condition_initial_load":"10-07-2025"}],"ha_cmc_text":"Happy Addons","ha_gb_text":"New","ha_gb_lottie_url":"https:\/\/assets4.lottiefiles.com\/private_files\/lf30_ujs3c7ok.json","background_image":{"url":"","id":"","size":""},"background_video_fallback":{"url":"","id":"","size":""},"background_slideshow_gallery":[],"background_hover_image":{"url":"","id":"","size":""},"background_hover_video_fallback":{"url":"","id":"","size":""},"background_hover_slideshow_gallery":[],"background_overlay_image":{"url":"","id":"","size":""},"background_overlay_video_fallback":{"url":"","id":"","size":""},"background_overlay_slideshow_gallery":[],"background_overlay_hover_image":{"url":"","id":"","size":""},"background_overlay_hover_video_fallback":{"url":"","id":"","size":""},"background_overlay_hover_slideshow_gallery":[],"display_condition_list":[{"display_condition_key":"role","display_condition_operator":"is","display_condition_login_status":"subscriber","_id":"","display_condition_operator_advanced_date":"less","display_condition_date":"03-07-2025","display_condition_day":"monday","display_condition_role":"subscriber","display_condition_browser":"chrome","display_condition_operating_system":"mac_os","display_condition_date_range":"03-07-2025 to 05-07-2025","display_condition_page":"","display_condition_post":"","display_condition_static_page":"home","display_condition_time_span_start":"10:00","display_condition_time_span_end":"11:00","display_condition_visitor_type":"new","display_condition_request_parameter_key":"","display_condition_request_parameter_value":"","display_condition_advanced_date":"03-07-2025","display_condition_geolocation":"","display_condition_acf_text_key":"","display_condition_acf_text_value":""}],"premium_tooltip_icon":{"value":"fas fa-star","library":"fa-solid"},"premium_tooltip_gallery":[],"premium_tooltip_container_bg_image":{"url":"","id":"","size":""},"premium_tooltip_container_bg_video_fallback":{"url":"","id":"","size":""},"premium_tooltip_container_bg_slideshow_gallery":[],"premium_gdivider_image":{"id":1324,"url":"https:\/\/mobilitytrailblazers.de\/wp-content\/uploads\/2025\/07\/placeholder-46.png"},"pa_badge_icon":{"value":"fas fa-mouse-pointer","library":"solid"},"pa_badge_img":{"url":"","id":"","size":""},"pa_badge_bg_image":{"url":"","id":"","size":""},"pa_badge_bg_video_fallback":{"url":"","id":"","size":""},"pa_badge_bg_slideshow_gallery":[],"ha_cmc_icon":{"value":"fas fa-mouse-pointer","library":"fa-solid"},"ha_cmc_image":{"url":"","id":"","size":""},"ha_cmc_video":{"url":"","id":"","size":""},"ha_gb_icon":{"value":"fas fa-ribbon","library":"fa-solid"},"ha_gb_img":{"url":"","id":"","size":""},"ha_gb_bg_video_fallback":{"url":"","id":"","size":""},"ha_gb_bg_slideshow_gallery":[]},"elements":[{"id":"78506458","settings":{"_column_size":"33","width":{"unit":"px","size":408},"hide_mobile":"hidden-mobile","flex_justify_content":"center","padding":{"unit":"px","top":"0","right":"0","bottom":"0","left":"0","isLinked":"1"},"padding_tablet":{"unit":"px","top":"","right":"","bottom":"","left":"","isLinked":"1"},"width_tablet":{"size":"75","unit":"%"},"content_width":"full","width_mobile":{"unit":"%","size":"","sizes":[]},"boxed_width":{"unit":"px","size":836,"sizes":[]},"flex_direction":"column","flex_align_items":"flex-start","eael_parallax_layers_list":[],"eael_cl_logics":[{"_id":"123b222","dynamic_field_custom_separator":"|"}],"eael_ext_content_protection_password_placeholder":"Enter Password","eael_ext_content_protection_password_submit_btn_txt":"Submit","eael_ext_content_protection_password_incorrect_message":"Password does not match.","pa_condition_repeater":[],"premium_tooltip_text":"Hi, I'm a global tooltip.","premium_tooltip_position":"top,bottom","premium_parallax_layers_list":[],"premium_gradient_colors_repeater":[],"premium_kenburns_repeater":[],"premium_lottie_repeater":[],"premium_blob_repeater":[],"pa_cursor_ftext":"Premium Follow Text","pa_badge_text":"New","_flex_size":"none","_ha_condition_list":[{"_id":"d08e341","_ha_condition_key":"login_status","_ha_condition_operator":"is","_ha_condition_login_status":"login","_ha_condition_role":"subscriber","_ha_condition_operating_system":"mac_os","_ha_condition_browser":"chrome","_ha_condition_date_range":"03-07-2025 to 05-07-2025","_ha_condition_date":"03-07-2025","_ha_condition_time":"12:00","_ha_condition_day":"monday","_ha_condition_country":["BD"],"_ha_condition_initial_load":"10-07-2025"}],"ha_cmc_text":"Happy Addons","ha_gb_text":"New","ha_gb_lottie_url":"https:\/\/assets4.lottiefiles.com\/private_files\/lf30_ujs3c7ok.json","_element_width":"initial","background_image":{"url":"","id":"","size":""},"background_video_fallback":{"url":"","id":"","size":""},"background_slideshow_gallery":[],"background_hover_image":{"url":"","id":"","size":""},"background_hover_video_fallback":{"url":"","id":"","size":""},"background_hover_slideshow_gallery":[],"background_overlay_image":{"url":"","id":"","size":""},"background_overlay_video_fallback":{"url":"","id":"","size":""},"background_overlay_slideshow_gallery":[],"background_overlay_hover_image":{"url":"","id":"","size":""},"background_overlay_hover_video_fallback":{"url":"","id":"","size":""},"background_overlay_hover_slideshow_gallery":[],"display_condition_list":[{"display_condition_key":"role","display_condition_operator":"is","display_condition_login_status":"subscriber","_id":"","display_condition_operator_advanced_date":"less","display_condition_date":"03-07-2025","display_condition_day":"monday","display_condition_role":"subscriber","display_condition_browser":"chrome","display_condition_operating_system":"mac_os","display_condition_date_range":"03-07-2025 to 05-07-2025","display_condition_page":"","display_condition_post":"","display_condition_static_page":"home","display_condition_time_span_start":"10:00","display_condition_time_span_end":"11:00","display_condition_visitor_type":"new","display_condition_request_parameter_key":"","display_condition_request_parameter_value":"","display_condition_advanced_date":"03-07-2025","display_condition_geolocation":"","display_condition_acf_text_key":"","display_condition_acf_text_value":""}],"premium_tooltip_icon":{"value":"fas fa-star","library":"fa-solid"},"premium_tooltip_gallery":[],"premium_tooltip_container_bg_image":{"url":"","id":"","size":""},"premium_tooltip_container_bg_video_fallback":{"url":"","id":"","size":""},"premium_tooltip_container_bg_slideshow_gallery":[],"premium_gdivider_image":{"id":1322,"url":"https:\/\/mobilitytrailblazers.de\/wp-content\/uploads\/2025\/07\/placeholder-44.png"},"pa_badge_icon":{"value":"fas fa-mouse-pointer","library":"solid"},"pa_badge_img":{"url":"","id":"","size":""},"pa_badge_bg_image":{"url":"","id":"","size":""},"pa_badge_bg_video_fallback":{"url":"","id":"","size":""},"pa_badge_bg_slideshow_gallery":[],"ha_cmc_icon":{"value":"fas fa-mouse-pointer","library":"fa-solid"},"ha_cmc_image":{"url":"","id":"","size":""},"ha_cmc_video":{"url":"","id":"","size":""},"ha_gb_icon":{"value":"fas fa-ribbon","library":"fa-solid"},"ha_gb_img":{"url":"","id":"","size":""},"ha_gb_bg_video_fallback":{"url":"","id":"","size":""},"ha_gb_bg_slideshow_gallery":[]},"elements":[{"id":"4c593825","settings":{"icon_list":[{"text":"Samedi 17 Mai 2025 \u00e0 Midi","icon":"fa fa-envelope","_id":"b3e8ba8","selected_icon":{"value":"far fa-calendar-check","library":"fa-regular"},"__fa4_migrated":{"selected_icon":"1"},"link":{"url":"https:\/\/calendar.google.com\/calendar\/u\/0\/r\/eventedit?text=Championnat+du+Monde&dates=20250517T100000Z\/20250517T160000Z&details=Championnat+du+Monde+de+Lancer+d%27Avions+en+Papier!&location=Complexe+Sportif+Daniel+Colombier,+M%C3%A9rignac,+France","is_external":"","nofollow":"","custom_attributes":""}},{"text":"Complexe Sportif Daniel Colombier, M\u00e9rignac","icon":"fa fa-envelope","_id":"017ea53","selected_icon":{"value":"fas fa-map-marker-alt","library":"fa-solid"},"__fa4_migrated":{"selected_icon":"1"},"link":{"url":"https:\/\/maps.app.goo.gl\/8UPL7i4LCykhnmRB7","is_external":"","nofollow":"","custom_attributes":""}}],"space_between":{"unit":"px","size":5,"sizes":[]},"icon_align":"left","icon_color":"#ffffff","icon_size":{"unit":"px","size":"16","sizes":[]},"text_color":"#ffffff","text_indent":{"unit":"px","size":"10","sizes":[]},"icon_typography_typography":"custom","icon_typography_font_family":"Montserrat","icon_typography_font_size":{"unit":"px","size":"14","sizes":[]},"icon_typography_font_weight":"300","icon_align_mobile":"center","icon_typography_font_size_tablet":{"unit":"px","size":12,"sizes":[]},"eael_cl_logics":[{"_id":"2f081ab","dynamic_field_custom_separator":"|"}],"eael_tooltip_section_content":"I am a tooltip","eael_ext_content_protection_password_placeholder":"Enter Password","eael_ext_content_protection_password_submit_btn_txt":"Submit","eael_ext_content_protection_password_incorrect_message":"Password does not match.","pa_condition_repeater":[],"premium_tooltip_text":"Hi, I'm a global tooltip.","premium_tooltip_position":"top,bottom","pa_cursor_ftext":"Premium Follow Text","pa_badge_text":"New","premium_mscroll_repeater":[],"ha_advanced_tooltip_content":"I am a tooltip","_ha_condition_list":[{"_id":"4f61ad3","_ha_condition_key":"login_status","_ha_condition_operator":"is","_ha_condition_login_status":"login","_ha_condition_role":"subscriber","_ha_condition_operating_system":"mac_os","_ha_condition_browser":"chrome","_ha_condition_date_range":"03-07-2025 to 05-07-2025","_ha_condition_date":"03-07-2025","_ha_condition_time":"12:00","_ha_condition_day":"monday","_ha_condition_country":["BD"],"_ha_condition_initial_load":"10-07-2025"}],"ha_cmc_text":"Happy Addons","ha_gb_text":"New","ha_gb_lottie_url":"https:\/\/assets4.lottiefiles.com\/private_files\/lf30_ujs3c7ok.json","view":"inline","display_condition_list":[{"display_condition_key":"role","display_condition_operator":"is","display_condition_login_status":"subscriber","_id":"","display_condition_operator_advanced_date":"less","display_condition_date":"03-07-2025","display_condition_day":"monday","display_condition_role":"subscriber","display_condition_browser":"chrome","display_condition_operating_system":"mac_os","display_condition_date_range":"03-07-2025 to 05-07-2025","display_condition_page":"","display_condition_post":"","display_condition_static_page":"home","display_condition_time_span_start":"10:00","display_condition_time_span_end":"11:00","display_condition_visitor_type":"new","display_condition_request_parameter_key":"","display_condition_request_parameter_value":"","display_condition_advanced_date":"03-07-2025","display_condition_geolocation":"","display_condition_acf_text_key":"","display_condition_acf_text_value":""}],"premium_tooltip_icon":{"value":"fas fa-star","library":"fa-solid"},"premium_tooltip_gallery":[],"premium_tooltip_container_bg_image":{"url":"","id":"","size":""},"premium_tooltip_container_bg_video_fallback":{"url":"","id":"","size":""},"premium_tooltip_container_bg_slideshow_gallery":[],"pa_badge_icon":{"value":"fas fa-mouse-pointer","library":"solid"},"pa_badge_img":{"url":"","id":"","size":""},"pa_badge_bg_image":{"url":"","id":"","size":""},"pa_badge_bg_video_fallback":{"url":"","id":"","size":""},"pa_badge_bg_slideshow_gallery":[],"ha_cmc_icon":{"value":"fas fa-mouse-pointer","library":"fa-solid"},"ha_cmc_image":{"url":"","id":"","size":""},"ha_cmc_video":{"url":"","id":"","size":""},"ha_gb_icon":{"value":"fas fa-ribbon","library":"fa-solid"},"ha_gb_img":{"url":"","id":"","size":""},"ha_gb_bg_video_fallback":{"url":"","id":"","size":""},"ha_gb_bg_slideshow_gallery":[],"_background_image":{"url":"","id":"","size":""},"_background_video_fallback":{"url":"","id":"","size":""},"_background_slideshow_gallery":[],"_background_hover_image":{"url":"","id":"","size":""},"_background_hover_video_fallback":{"url":"","id":"","size":""},"_background_hover_slideshow_gallery":[],"_ha_background_overlay_image":{"url":"","id":"","size":""},"_ha_background_overlay_video_fallback":{"url":"","id":"","size":""},"_ha_background_overlay_slideshow_gallery":[],"_ha_background_overlay_hover_image":{"url":"","id":"","size":""},"_ha_background_overlay_hover_video_fallback":{"url":"","id":"","size":""},"_ha_background_overlay_hover_slideshow_gallery":[],"_mask_image":{"url":"","id":"","size":""}},"elements":[],"isInner":false,"widgetType":"icon-list","elType":"widget"}],"isInner":true,"elType":"container"},{"id":"75d704a0","settings":{"_column_size":"33","width":{"size":180,"unit":"px"},"flex_justify_content":"flex-end","padding":{"unit":"px","top":"0","right":"0","bottom":"0","left":"0","isLinked":"1"},"padding_tablet":{"unit":"px","top":"","right":"","bottom":"","left":"","isLinked":"1"},"width_tablet":{"size":28,"unit":"%"},"width_mobile":{"size":100,"unit":"%"},"content_width":"full","flex_direction":"row","flex_direction_mobile":"row-reverse","flex_justify_content_mobile":"space-between","flex_align_items":"center","eael_parallax_layers_list":[],"eael_cl_logics":[{"_id":"f75305f","dynamic_field_custom_separator":"|"}],"eael_ext_content_protection_password_placeholder":"Enter Password","eael_ext_content_protection_password_submit_btn_txt":"Submit","eael_ext_content_protection_password_incorrect_message":"Password does not match.","pa_condition_repeater":[],"premium_tooltip_text":"Hi, I'm a global tooltip.","premium_tooltip_position":"top,bottom","premium_parallax_layers_list":[],"premium_gradient_colors_repeater":[],"premium_kenburns_repeater":[],"premium_lottie_repeater":[],"premium_blob_repeater":[],"pa_cursor_ftext":"Premium Follow Text","pa_badge_text":"New","_ha_condition_list":[{"_id":"4dc1290","_ha_condition_key":"login_status","_ha_condition_operator":"is","_ha_condition_login_status":"login","_ha_condition_role":"subscriber","_ha_condition_operating_system":"mac_os","_ha_condition_browser":"chrome","_ha_condition_date_range":"03-07-2025 to 05-07-2025","_ha_condition_date":"03-07-2025","_ha_condition_time":"12:00","_ha_condition_day":"monday","_ha_condition_country":["BD"],"_ha_condition_initial_load":"10-07-2025"}],"ha_cmc_text":"Happy Addons","ha_gb_text":"New","ha_gb_lottie_url":"https:\/\/assets4.lottiefiles.com\/private_files\/lf30_ujs3c7ok.json","background_image":{"url":"","id":"","size":""},"background_video_fallback":{"url":"","id":"","size":""},"background_slideshow_gallery":[],"background_hover_image":{"url":"","id":"","size":""},"background_hover_video_fallback":{"url":"","id":"","size":""},"background_hover_slideshow_gallery":[],"background_overlay_image":{"url":"","id":"","size":""},"background_overlay_video_fallback":{"url":"","id":"","size":""},"background_overlay_slideshow_gallery":[],"background_overlay_hover_image":{"url":"","id":"","size":""},"background_overlay_hover_video_fallback":{"url":"","id":"","size":""},"background_overlay_hover_slideshow_gallery":[],"display_condition_list":[{"display_condition_key":"role","display_condition_operator":"is","display_condition_login_status":"subscriber","_id":"","display_condition_operator_advanced_date":"less","display_condition_date":"03-07-2025","display_condition_day":"monday","display_condition_role":"subscriber","display_condition_browser":"chrome","display_condition_operating_system":"mac_os","display_condition_date_range":"03-07-2025 to 05-07-2025","display_condition_page":"","display_condition_post":"","display_condition_static_page":"home","display_condition_time_span_start":"10:00","display_condition_time_span_end":"11:00","display_condition_visitor_type":"new","display_condition_request_parameter_key":"","display_condition_request_parameter_value":"","display_condition_advanced_date":"03-07-2025","display_condition_geolocation":"","display_condition_acf_text_key":"","display_condition_acf_text_value":""}],"premium_tooltip_icon":{"value":"fas fa-star","library":"fa-solid"},"premium_tooltip_gallery":[],"premium_tooltip_container_bg_image":{"url":"","id":"","size":""},"premium_tooltip_container_bg_video_fallback":{"url":"","id":"","size":""},"premium_tooltip_container_bg_slideshow_gallery":[],"premium_gdivider_image":{"id":1323,"url":"https:\/\/mobilitytrailblazers.de\/wp-content\/uploads\/2025\/07\/placeholder-45.png"},"pa_badge_icon":{"value":"fas fa-mouse-pointer","library":"solid"},"pa_badge_img":{"url":"","id":"","size":""},"pa_badge_bg_image":{"url":"","id":"","size":""},"pa_badge_bg_video_fallback":{"url":"","id":"","size":""},"pa_badge_bg_slideshow_gallery":[],"ha_cmc_icon":{"value":"fas fa-mouse-pointer","library":"fa-solid"},"ha_cmc_image":{"url":"","id":"","size":""},"ha_cmc_video":{"url":"","id":"","size":""},"ha_gb_icon":{"value":"fas fa-ribbon","library":"fa-solid"},"ha_gb_img":{"url":"","id":"","size":""},"ha_gb_bg_video_fallback":{"url":"","id":"","size":""},"ha_gb_bg_slideshow_gallery":[]},"elements":[{"id":"34c6f74e","settings":{"skin":"full_screen","placeholder":"","button_text":"Search","size":{"unit":"px","size":"34","sizes":[]},"toggle_align":"right","toggle_size":{"unit":"px","size":"31","sizes":[]},"icon_size_minimal":{"unit":"px","size":"18","sizes":[]},"overlay_background_color":"rgba(22,22,63,0.9)","input_typography_typography":"custom","input_typography_font_family":"Montserrat","input_typography_font_size":{"unit":"px","size":"40","sizes":[]},"input_typography_font_weight":"300","input_text_color":"#ffffff","input_background_color":"rgba(255,255,255,0)","input_border_color":"rgba(255,255,255,0.5)","border_radius":{"unit":"px","size":"0","sizes":[]},"toggle_color":"#ffffff","toggle_color_hover":"#d3b574","toggle_icon_size":{"unit":"px","size":"50","sizes":[]},"eael_cl_logics":[{"_id":"70c28a9","dynamic_field_custom_separator":"|"}],"eael_tooltip_section_content":"I am a tooltip","eael_ext_content_protection_password_placeholder":"Enter Password","eael_ext_content_protection_password_submit_btn_txt":"Submit","eael_ext_content_protection_password_incorrect_message":"Password does not match.","pa_condition_repeater":[],"premium_tooltip_text":"Hi, I'm a global tooltip.","premium_tooltip_position":"top,bottom","pa_cursor_ftext":"Premium Follow Text","pa_badge_text":"New","premium_mscroll_repeater":[],"ha_advanced_tooltip_content":"I am a tooltip","_ha_condition_list":[{"_id":"7d58afc","_ha_condition_key":"login_status","_ha_condition_operator":"is","_ha_condition_login_status":"login","_ha_condition_role":"subscriber","_ha_condition_operating_system":"mac_os","_ha_condition_browser":"chrome","_ha_condition_date_range":"03-07-2025 to 05-07-2025","_ha_condition_date":"03-07-2025","_ha_condition_time":"12:00","_ha_condition_day":"monday","_ha_condition_country":["BD"],"_ha_condition_initial_load":"10-07-2025"}],"ha_cmc_text":"Happy Addons","ha_gb_text":"New","ha_gb_lottie_url":"https:\/\/assets4.lottiefiles.com\/private_files\/lf30_ujs3c7ok.json","display_condition_list":[{"display_condition_key":"role","display_condition_operator":"is","display_condition_login_status":"subscriber","_id":"","display_condition_operator_advanced_date":"less","display_condition_date":"03-07-2025","display_condition_day":"monday","display_condition_role":"subscriber","display_condition_browser":"chrome","display_condition_operating_system":"mac_os","display_condition_date_range":"03-07-2025 to 05-07-2025","display_condition_page":"","display_condition_post":"","display_condition_static_page":"home","display_condition_time_span_start":"10:00","display_condition_time_span_end":"11:00","display_condition_visitor_type":"new","display_condition_request_parameter_key":"","display_condition_request_parameter_value":"","display_condition_advanced_date":"03-07-2025","display_condition_geolocation":"","display_condition_acf_text_key":"","display_condition_acf_text_value":""}],"premium_tooltip_icon":{"value":"fas fa-star","library":"fa-solid"},"premium_tooltip_gallery":[],"premium_tooltip_container_bg_image":{"url":"","id":"","size":""},"premium_tooltip_container_bg_video_fallback":{"url":"","id":"","size":""},"premium_tooltip_container_bg_slideshow_gallery":[],"pa_badge_icon":{"value":"fas fa-mouse-pointer","library":"solid"},"pa_badge_img":{"url":"","id":"","size":""},"pa_badge_bg_image":{"url":"","id":"","size":""},"pa_badge_bg_video_fallback":{"url":"","id":"","size":""},"pa_badge_bg_slideshow_gallery":[],"ha_cmc_icon":{"value":"fas fa-mouse-pointer","library":"fa-solid"},"ha_cmc_image":{"url":"","id":"","size":""},"ha_cmc_video":{"url":"","id":"","size":""},"ha_gb_icon":{"value":"fas fa-ribbon","library":"fa-solid"},"ha_gb_img":{"url":"","id":"","size":""},"ha_gb_bg_video_fallback":{"url":"","id":"","size":""},"ha_gb_bg_slideshow_gallery":[],"_background_image":{"url":"","id":"","size":""},"_background_video_fallback":{"url":"","id":"","size":""},"_background_slideshow_gallery":[],"_background_hover_image":{"url":"","id":"","size":""},"_background_hover_video_fallback":{"url":"","id":"","size":""},"_background_hover_slideshow_gallery":[],"_ha_background_overlay_image":{"url":"","id":"","size":""},"_ha_background_overlay_video_fallback":{"url":"","id":"","size":""},"_ha_background_overlay_slideshow_gallery":[],"_ha_background_overlay_hover_image":{"url":"","id":"","size":""},"_ha_background_overlay_hover_video_fallback":{"url":"","id":"","size":""},"_ha_background_overlay_hover_slideshow_gallery":[],"_mask_image":{"url":"","id":"","size":""}},"elements":[],"isInner":false,"widgetType":"search-form","elType":"widget"},{"id":"2d0c3fbd","settings":{"view":"inline","icon_list":[{"text":"","icon":"fa fa-linkedin","_id":"c22772a","selected_icon":{"value":"fab fa-linkedin-in","library":"fa-brands"},"__fa4_migrated":{"selected_icon":"1"},"link":{"url":"https:\/\/www.linkedin.com\/company\/rotary-club-merignac\/","is_external":"","nofollow":"","custom_attributes":""}},{"text":"","icon":"fa fa-facebook-f","_id":"d730051","selected_icon":{"value":"fab fa-facebook-f","library":"fa-brands"},"__fa4_migrated":{"selected_icon":"1"},"link":{"url":"https:\/\/fb.me\/e\/396nLNWSJ","is_external":"","nofollow":"","custom_attributes":""}},{"_id":"50524a9","text":"","selected_icon":{"value":"fab fa-instagram","library":"fa-brands"},"link":{"url":"https:\/\/www.instagram.com\/rotarymerignac\/","is_external":"","nofollow":"","custom_attributes":""}}],"space_between":{"unit":"px","size":"15","sizes":[]},"icon_align":"right","icon_color":"#ffffff","icon_size":{"unit":"px","size":"18","sizes":[]},"icon_align_mobile":"left","icon_color_hover":"#d3b574","icon_self_align":"center","eael_cl_logics":[{"_id":"7802523","dynamic_field_custom_separator":"|"}],"eael_tooltip_section_content":"I am a tooltip","eael_ext_content_protection_password_placeholder":"Enter Password","eael_ext_content_protection_password_submit_btn_txt":"Submit","eael_ext_content_protection_password_incorrect_message":"Password does not match.","pa_condition_repeater":[],"premium_tooltip_text":"Hi, I'm a global tooltip.","premium_tooltip_position":"top,bottom","pa_cursor_ftext":"Premium Follow Text","pa_badge_text":"New","premium_mscroll_repeater":[],"ha_advanced_tooltip_content":"I am a tooltip","_ha_condition_list":[{"_id":"b226783","_ha_condition_key":"login_status","_ha_condition_operator":"is","_ha_condition_login_status":"login","_ha_condition_role":"subscriber","_ha_condition_operating_system":"mac_os","_ha_condition_browser":"chrome","_ha_condition_date_range":"03-07-2025 to 05-07-2025","_ha_condition_date":"03-07-2025","_ha_condition_time":"12:00","_ha_condition_day":"monday","_ha_condition_country":["BD"],"_ha_condition_initial_load":"10-07-2025"}],"ha_cmc_text":"Happy Addons","ha_gb_text":"New","ha_gb_lottie_url":"https:\/\/assets4.lottiefiles.com\/private_files\/lf30_ujs3c7ok.json","display_condition_list":[{"display_condition_key":"role","display_condition_operator":"is","display_condition_login_status":"subscriber","_id":"","display_condition_operator_advanced_date":"less","display_condition_date":"03-07-2025","display_condition_day":"monday","display_condition_role":"subscriber","display_condition_browser":"chrome","display_condition_operating_system":"mac_os","display_condition_date_range":"03-07-2025 to 05-07-2025","display_condition_page":"","display_condition_post":"","display_condition_static_page":"home","display_condition_time_span_start":"10:00","display_condition_time_span_end":"11:00","display_condition_visitor_type":"new","display_condition_request_parameter_key":"","display_condition_request_parameter_value":"","display_condition_advanced_date":"03-07-2025","display_condition_geolocation":"","display_condition_acf_text_key":"","display_condition_acf_text_value":""}],"premium_tooltip_icon":{"value":"fas fa-star","library":"fa-solid"},"premium_tooltip_gallery":[],"premium_tooltip_container_bg_image":{"url":"","id":"","size":""},"premium_tooltip_container_bg_video_fallback":{"url":"","id":"","size":""},"premium_tooltip_container_bg_slideshow_gallery":[],"pa_badge_icon":{"value":"fas fa-mouse-pointer","library":"solid"},"pa_badge_img":{"url":"","id":"","size":""},"pa_badge_bg_image":{"url":"","id":"","size":""},"pa_badge_bg_video_fallback":{"url":"","id":"","size":""},"pa_badge_bg_slideshow_gallery":[],"ha_cmc_icon":{"value":"fas fa-mouse-pointer","library":"fa-solid"},"ha_cmc_image":{"url":"","id":"","size":""},"ha_cmc_video":{"url":"","id":"","size":""},"ha_gb_icon":{"value":"fas fa-ribbon","library":"fa-solid"},"ha_gb_img":{"url":"","id":"","size":""},"ha_gb_bg_video_fallback":{"url":"","id":"","size":""},"ha_gb_bg_slideshow_gallery":[],"_background_image":{"url":"","id":"","size":""},"_background_video_fallback":{"url":"","id":"","size":""},"_background_slideshow_gallery":[],"_background_hover_image":{"url":"","id":"","size":""},"_background_hover_video_fallback":{"url":"","id":"","size":""},"_background_hover_slideshow_gallery":[],"_ha_background_overlay_image":{"url":"","id":"","size":""},"_ha_background_overlay_video_fallback":{"url":"","id":"","size":""},"_ha_background_overlay_slideshow_gallery":[],"_ha_background_overlay_hover_image":{"url":"","id":"","size":""},"_ha_background_overlay_hover_video_fallback":{"url":"","id":"","size":""},"_ha_background_overlay_hover_slideshow_gallery":[],"_mask_image":{"url":"","id":"","size":""}},"elements":[],"isInner":false,"widgetType":"icon-list","elType":"widget"}],"isInner":true,"elType":"container"}],"isInner":true,"elType":"container"},{"id":"665e9bb8","settings":{"width":{"unit":"px","size":"1200","sizes":[]},"structure":"30","background_background":"classic","background_color":"#ffffff","margin":{"unit":"px","top":"0","right":"0","bottom":"0","left":"0","isLinked":"1"},"padding":{"unit":"px","top":"0","right":"12","bottom":"0","left":"12","isLinked":""},"padding_tablet":{"unit":"px","top":"20","right":"15","bottom":"20","left":"15","isLinked":""},"flex_direction":"row","flex_align_items":"center","flex_gap":{"size":10,"unit":"px","column":"10","row":"10","isLinked":true},"boxed_width":{"unit":"px","size":1200,"sizes":[]},"flex_justify_content":"space-between","eael_parallax_layers_list":[],"eael_cl_logics":[{"_id":"9ae119f","dynamic_field_custom_separator":"|"}],"eael_ext_content_protection_password_placeholder":"Enter Password","eael_ext_content_protection_password_submit_btn_txt":"Submit","eael_ext_content_protection_password_incorrect_message":"Password does not match.","min_height":{"unit":"px","size":0,"sizes":[]},"pa_condition_repeater":[],"premium_tooltip_text":"Hi, I'm a global tooltip.","premium_tooltip_position":"top,bottom","premium_parallax_layers_list":[],"premium_gradient_colors_repeater":[],"premium_kenburns_repeater":[],"premium_lottie_repeater":[],"premium_blob_repeater":[],"pa_cursor_ftext":"Premium Follow Text","pa_badge_text":"New","_ha_condition_list":[{"_id":"e741946","_ha_condition_key":"login_status","_ha_condition_operator":"is","_ha_condition_login_status":"login","_ha_condition_role":"subscriber","_ha_condition_operating_system":"mac_os","_ha_condition_browser":"chrome","_ha_condition_date_range":"03-07-2025 to 05-07-2025","_ha_condition_date":"03-07-2025","_ha_condition_time":"12:00","_ha_condition_day":"monday","_ha_condition_country":["BD"],"_ha_condition_initial_load":"10-07-2025"}],"ha_cmc_text":"Happy Addons","ha_gb_text":"New","ha_gb_lottie_url":"https:\/\/assets4.lottiefiles.com\/private_files\/lf30_ujs3c7ok.json","background_image":{"url":"","id":"","size":""},"background_video_fallback":{"url":"","id":"","size":""},"background_slideshow_gallery":[],"background_hover_image":{"url":"","id":"","size":""},"background_hover_video_fallback":{"url":"","id":"","size":""},"background_hover_slideshow_gallery":[],"background_overlay_image":{"url":"","id":"","size":""},"background_overlay_video_fallback":{"url":"","id":"","size":""},"background_overlay_slideshow_gallery":[],"background_overlay_hover_image":{"url":"","id":"","size":""},"background_overlay_hover_video_fallback":{"url":"","id":"","size":""},"background_overlay_hover_slideshow_gallery":[],"display_condition_list":[{"display_condition_key":"role","display_condition_operator":"is","display_condition_login_status":"subscriber","_id":"","display_condition_operator_advanced_date":"less","display_condition_date":"03-07-2025","display_condition_day":"monday","display_condition_role":"subscriber","display_condition_browser":"chrome","display_condition_operating_system":"mac_os","display_condition_date_range":"03-07-2025 to 05-07-2025","display_condition_page":"","display_condition_post":"","display_condition_static_page":"home","display_condition_time_span_start":"10:00","display_condition_time_span_end":"11:00","display_condition_visitor_type":"new","display_condition_request_parameter_key":"","display_condition_request_parameter_value":"","display_condition_advanced_date":"03-07-2025","display_condition_geolocation":"","display_condition_acf_text_key":"","display_condition_acf_text_value":""}],"premium_tooltip_icon":{"value":"fas fa-star","library":"fa-solid"},"premium_tooltip_gallery":[],"premium_tooltip_container_bg_image":{"url":"","id":"","size":""},"premium_tooltip_container_bg_video_fallback":{"url":"","id":"","size":""},"premium_tooltip_container_bg_slideshow_gallery":[],"premium_gdivider_image":{"id":1325,"url":"https:\/\/mobilitytrailblazers.de\/wp-content\/uploads\/2025\/07\/placeholder-47.png"},"pa_badge_icon":{"value":"fas fa-mouse-pointer","library":"solid"},"pa_badge_img":{"url":"","id":"","size":""},"pa_badge_bg_image":{"url":"","id":"","size":""},"pa_badge_bg_video_fallback":{"url":"","id":"","size":""},"pa_badge_bg_slideshow_gallery":[],"ha_cmc_icon":{"value":"fas fa-mouse-pointer","library":"fa-solid"},"ha_cmc_image":{"url":"","id":"","size":""},"ha_cmc_video":{"url":"","id":"","size":""},"ha_gb_icon":{"value":"fas fa-ribbon","library":"fa-solid"},"ha_gb_img":{"url":"","id":"","size":""},"ha_gb_bg_video_fallback":{"url":"","id":"","size":""},"ha_gb_bg_slideshow_gallery":[]},"elements":[{"id":"6279d8d5","settings":{"image":{"id":"","url":"https:\/\/mobilitytrailblazers.de\/wp-content\/plugins\/elementor\/assets\/images\/placeholder.png"},"align":"left","link_to":"custom","width":{"unit":"px","size":110,"sizes":[]},"__dynamic__":{"link":"[elementor-tag id=\"c048f8d\" name=\"site-url\" settings=\"%7B%7D\"]"},"width_tablet":{"unit":"px","size":133,"sizes":[]},"width_mobile":{"unit":"px","size":100,"sizes":[]},"height":{"unit":"px","size":48,"sizes":[]},"object-fit":"contain","_padding_tablet":{"unit":"px","top":"0","right":"90","bottom":"0","left":"0","isLinked":false},"_padding_mobile":{"unit":"px","top":"0","right":"0","bottom":"0","left":"0","isLinked":false},"eael_cl_logics":[{"_id":"ff3b5ec","dynamic_field_custom_separator":"|"}],"eael_tooltip_section_content":"I am a tooltip","eael_ext_content_protection_password_placeholder":"Enter Password","eael_ext_content_protection_password_submit_btn_txt":"Submit","eael_ext_content_protection_password_incorrect_message":"Password does not match.","pa_condition_repeater":[],"premium_tooltip_text":"Hi, I'm a global tooltip.","premium_tooltip_position":"top,bottom","pa_cursor_ftext":"Premium Follow Text","pa_badge_text":"New","premium_mscroll_repeater":[],"ha_advanced_tooltip_content":"I am a tooltip","_ha_condition_list":[{"_id":"ff6dcd8","_ha_condition_key":"login_status","_ha_condition_operator":"is","_ha_condition_login_status":"login","_ha_condition_role":"subscriber","_ha_condition_operating_system":"mac_os","_ha_condition_browser":"chrome","_ha_condition_date_range":"03-07-2025 to 05-07-2025","_ha_condition_date":"03-07-2025","_ha_condition_time":"12:00","_ha_condition_day":"monday","_ha_condition_country":["BD"],"_ha_condition_initial_load":"10-07-2025"}],"ha_cmc_text":"Happy Addons","ha_gb_text":"New","ha_gb_lottie_url":"https:\/\/assets4.lottiefiles.com\/private_files\/lf30_ujs3c7ok.json","image_masking_mask_shape_custom":{"url":"","id":"","size":""},"display_condition_list":[{"display_condition_key":"role","display_condition_operator":"is","display_condition_login_status":"subscriber","_id":"","display_condition_operator_advanced_date":"less","display_condition_date":"03-07-2025","display_condition_day":"monday","display_condition_role":"subscriber","display_condition_browser":"chrome","display_condition_operating_system":"mac_os","display_condition_date_range":"03-07-2025 to 05-07-2025","display_condition_page":"","display_condition_post":"","display_condition_static_page":"home","display_condition_time_span_start":"10:00","display_condition_time_span_end":"11:00","display_condition_visitor_type":"new","display_condition_request_parameter_key":"","display_condition_request_parameter_value":"","display_condition_advanced_date":"03-07-2025","display_condition_geolocation":"","display_condition_acf_text_key":"","display_condition_acf_text_value":""}],"premium_tooltip_icon":{"value":"fas fa-star","library":"fa-solid"},"premium_tooltip_gallery":[],"premium_tooltip_container_bg_image":{"url":"","id":"","size":""},"premium_tooltip_container_bg_video_fallback":{"url":"","id":"","size":""},"premium_tooltip_container_bg_slideshow_gallery":[],"pa_badge_icon":{"value":"fas fa-mouse-pointer","library":"solid"},"pa_badge_img":{"url":"","id":"","size":""},"pa_badge_bg_image":{"url":"","id":"","size":""},"pa_badge_bg_video_fallback":{"url":"","id":"","size":""},"pa_badge_bg_slideshow_gallery":[],"ha_cmc_icon":{"value":"fas fa-mouse-pointer","library":"fa-solid"},"ha_cmc_image":{"url":"","id":"","size":""},"ha_cmc_video":{"url":"","id":"","size":""},"ha_gb_icon":{"value":"fas fa-ribbon","library":"fa-solid"},"ha_gb_img":{"url":"","id":"","size":""},"ha_gb_bg_video_fallback":{"url":"","id":"","size":""},"ha_gb_bg_slideshow_gallery":[],"_background_image":{"url":"","id":"","size":""},"_background_video_fallback":{"url":"","id":"","size":""},"_background_slideshow_gallery":[],"_background_hover_image":{"url":"","id":"","size":""},"_background_hover_video_fallback":{"url":"","id":"","size":""},"_background_hover_slideshow_gallery":[],"_ha_background_overlay_image":{"url":"","id":"","size":""},"_ha_background_overlay_video_fallback":{"url":"","id":"","size":""},"_ha_background_overlay_slideshow_gallery":[],"_ha_background_overlay_hover_image":{"url":"","id":"","size":""},"_ha_background_overlay_hover_video_fallback":{"url":"","id":"","size":""},"_ha_background_overlay_hover_slideshow_gallery":[],"_mask_image":{"url":"","id":"","size":""}},"elements":[],"isInner":false,"widgetType":"image","elType":"widget"},{"id":"6a3bee4c","settings":{"align_items":"center","menu_typography_typography":"custom","menu_typography_font_family":"Montserrat","menu_typography_font_size":{"unit":"px","size":"16","sizes":[]},"menu_typography_font_weight":"400","color_menu_item":"#16163f","color_menu_item_hover":"#d3b574","pointer_width":{"unit":"px","size":"0","sizes":[]},"padding_horizontal_menu_item":{"unit":"px","size":"0","sizes":[]},"menu_space_between":{"unit":"px","size":"50","sizes":[]},"color_dropdown_item":"#16163f","color_dropdown_item_hover":"#d3b574","background_color_dropdown_item_hover":"rgba(0,0,0,0)","color_dropdown_item_active":"#d3b574","background_color_dropdown_item_active":"rgba(0,0,0,0)","dropdown_typography_typography":"custom","dropdown_typography_font_family":"Montserrat","dropdown_typography_font_size":{"unit":"px","size":"16","sizes":[]},"dropdown_typography_font_weight":"400","dropdown_box_shadow_box_shadow_type":"yes","dropdown_box_shadow_box_shadow":{"horizontal":"0","vertical":"15","blur":"20","spread":"0","color":"rgba(0,0,0,0.1)"},"padding_horizontal_dropdown_item":{"unit":"px","size":"10","sizes":[]},"padding_vertical_dropdown_item":{"unit":"px","size":"20","sizes":[]},"dropdown_top_distance":{"unit":"px","size":"15","sizes":[]},"menu_typography_text_transform":"capitalize","full_width":"stretch","text_align":"center","dropdown_typography_font_size_mobile":{"unit":"px","size":"16","sizes":[]},"padding_vertical_dropdown_item_mobile":{"unit":"px","size":"24","sizes":[]},"dropdown_top_distance_tablet":{"unit":"px","size":"20","sizes":[]},"dropdown_top_distance_mobile":{"unit":"px","size":"20","sizes":[]},"toggle_color":"#16163f","toggle_background_color":"#ffffff","eael_cl_logics":[{"_id":"2d5bc77","dynamic_field_custom_separator":"|"}],"menu_name":"Menu","eael_tooltip_section_content":"I am a tooltip","eael_ext_content_protection_password_placeholder":"Enter Password","eael_ext_content_protection_password_submit_btn_txt":"Submit","eael_ext_content_protection_password_incorrect_message":"Password does not match.","pa_condition_repeater":[],"premium_tooltip_text":"Hi, I'm a global tooltip.","premium_tooltip_position":"top,bottom","pa_cursor_ftext":"Premium Follow Text","pa_badge_text":"New","premium_mscroll_repeater":[],"ha_advanced_tooltip_content":"I am a tooltip","_ha_condition_list":[{"_id":"f18fdcf","_ha_condition_key":"login_status","_ha_condition_operator":"is","_ha_condition_login_status":"login","_ha_condition_role":"subscriber","_ha_condition_operating_system":"mac_os","_ha_condition_browser":"chrome","_ha_condition_date_range":"03-07-2025 to 05-07-2025","_ha_condition_date":"03-07-2025","_ha_condition_time":"12:00","_ha_condition_day":"monday","_ha_condition_country":["BD"],"_ha_condition_initial_load":"10-07-2025"}],"ha_cmc_text":"Happy Addons","ha_gb_text":"New","ha_gb_lottie_url":"https:\/\/assets4.lottiefiles.com\/private_files\/lf30_ujs3c7ok.json","menu_id":4,"submenu_icon":{"value":"fas fa-caret-down","library":"fa-solid"},"toggle_icon_normal":{"value":"","library":""},"toggle_icon_active":{"value":"","library":""},"display_condition_list":[{"display_condition_key":"role","display_condition_operator":"is","display_condition_login_status":"subscriber","_id":"","display_condition_operator_advanced_date":"less","display_condition_date":"03-07-2025","display_condition_day":"monday","display_condition_role":"subscriber","display_condition_browser":"chrome","display_condition_operating_system":"mac_os","display_condition_date_range":"03-07-2025 to 05-07-2025","display_condition_page":"","display_condition_post":"","display_condition_static_page":"home","display_condition_time_span_start":"10:00","display_condition_time_span_end":"11:00","display_condition_visitor_type":"new","display_condition_request_parameter_key":"","display_condition_request_parameter_value":"","display_condition_advanced_date":"03-07-2025","display_condition_geolocation":"","display_condition_acf_text_key":"","display_condition_acf_text_value":""}],"premium_tooltip_icon":{"value":"fas fa-star","library":"fa-solid"},"premium_tooltip_gallery":[],"premium_tooltip_container_bg_image":{"url":"","id":"","size":""},"premium_tooltip_container_bg_video_fallback":{"url":"","id":"","size":""},"premium_tooltip_container_bg_slideshow_gallery":[],"pa_badge_icon":{"value":"fas fa-mouse-pointer","library":"solid"},"pa_badge_img":{"url":"","id":"","size":""},"pa_badge_bg_image":{"url":"","id":"","size":""},"pa_badge_bg_video_fallback":{"url":"","id":"","size":""},"pa_badge_bg_slideshow_gallery":[],"ha_cmc_icon":{"value":"fas fa-mouse-pointer","library":"fa-solid"},"ha_cmc_image":{"url":"","id":"","size":""},"ha_cmc_video":{"url":"","id":"","size":""},"ha_gb_icon":{"value":"fas fa-ribbon","library":"fa-solid"},"ha_gb_img":{"url":"","id":"","size":""},"ha_gb_bg_video_fallback":{"url":"","id":"","size":""},"ha_gb_bg_slideshow_gallery":[],"_background_image":{"url":"","id":"","size":""},"_background_video_fallback":{"url":"","id":"","size":""},"_background_slideshow_gallery":[],"_background_hover_image":{"url":"","id":"","size":""},"_background_hover_video_fallback":{"url":"","id":"","size":""},"_background_hover_slideshow_gallery":[],"_ha_background_overlay_image":{"url":"","id":"","size":""},"_ha_background_overlay_video_fallback":{"url":"","id":"","size":""},"_ha_background_overlay_slideshow_gallery":[],"_ha_background_overlay_hover_image":{"url":"","id":"","size":""},"_ha_background_overlay_hover_video_fallback":{"url":"","id":"","size":""},"_ha_background_overlay_hover_slideshow_gallery":[],"_mask_image":{"url":"","id":"","size":""}},"elements":[],"isInner":false,"widgetType":"nav-menu","elType":"widget"}],"isInner":true,"elType":"container"}],"isInner":false,"elType":"container"}],"settings":{"pa_cursor_ftext":"Premium Follow Text","ha_grid_zindex":"1000"},"metadata":[]}