{"content":[{"id":"1b1b1a45","settings":{"content_position":"middle","background_background":"classic","margin":{"unit":"px","top":"","right":0,"bottom":"","left":0,"isLinked":true},"padding":{"unit":"px","top":"15","right":"0","bottom":"30","left":"0","isLinked":false},"padding_tablet":{"unit":"px","top":"30","right":"20","bottom":"30","left":"20","isLinked":false},"padding_mobile":{"unit":"px","top":"25","right":"20","bottom":"25","left":"20","isLinked":false},"html_tag":"footer","flex_direction":"column","flex_align_items":"stretch","flex_gap":{"size":50,"unit":"px","column":"50","row":"50","isLinked":true},"flex_gap_mobile":{"unit":"px","size":40,"sizes":[],"column":"40","row":"40","isLinked":true},"_title":"Footer","display_condition_list":[{"display_condition_login_status":"subscriber","_id":"0e77ef7"}],"_ha_condition_list":[{"_id":"5bbce78"}],"premium_gdivider_image":{"id":1424,"url":"https:\/\/mobilitytrailblazers.de\/wp-content\/uploads\/2025\/07\/placeholder-69.png"},"premium_parallax_layers_list":[],"premium_gradient_colors_repeater":[],"premium_kenburns_repeater":[],"premium_lottie_repeater":[],"premium_blob_repeater":[],"premium_tooltip_text":"Hi, I'm a global tooltip.","premium_tooltip_position":"top,bottom","pa_badge_text":"New","ha_cmc_text":"Happy Addons","ha_gb_text":"New","ha_gb_lottie_url":"https:\/\/assets4.lottiefiles.com\/private_files\/lf30_ujs3c7ok.json","__globals__":{"background_color":"globals\/colors?id=14ef391"}},"elements":[{"id":"f1926d1","settings":{"content_position":"middle","structure":"20","border_border":"dotted","border_width":{"unit":"px","top":"0","right":"0","bottom":"1","left":"0","isLinked":false},"border_color":"#9b9b9b","padding":{"unit":"px","top":"0","right":"0","bottom":"30","left":"0","isLinked":false},"flex_direction":"row","flex_align_items":"stretch","flex_gap":{"size":0,"unit":"px","column":"0","row":"0","isLinked":true},"content_width":"full","display_condition_list":[{"display_condition_login_status":"subscriber","_id":"502777a"}],"_ha_condition_list":[{"_id":"b9ae1a2"}],"premium_gdivider_image":{"id":1420,"url":"https:\/\/mobilitytrailblazers.de\/wp-content\/uploads\/2025\/07\/placeholder-65.png"},"premium_parallax_layers_list":[],"premium_gradient_colors_repeater":[],"premium_kenburns_repeater":[],"premium_lottie_repeater":[],"premium_blob_repeater":[],"premium_tooltip_text":"Hi, I'm a global tooltip.","premium_tooltip_position":"top,bottom","pa_badge_text":"New","ha_cmc_text":"Happy Addons","ha_gb_text":"New","ha_gb_lottie_url":"https:\/\/assets4.lottiefiles.com\/private_files\/lf30_ujs3c7ok.json"},"elements":[{"id":"21a47e0b","settings":{"_column_size":50,"width":{"size":null,"unit":"%"},"width_mobile":{"size":30,"unit":"%"},"content_width":"full","flex_direction":"row","flex_justify_content":"flex-start","flex_align_items":"center","padding":{"unit":"px","top":"0","right":"0","bottom":"0","left":"0","isLinked":true},"display_condition_list":[{"display_condition_login_status":"subscriber","_id":"d73c292"}],"_ha_condition_list":[{"_id":"0bf514d"}],"premium_gdivider_image":{"id":1418,"url":"https:\/\/mobilitytrailblazers.de\/wp-content\/uploads\/2025\/07\/placeholder-63.png"},"premium_parallax_layers_list":[],"premium_gradient_colors_repeater":[],"premium_kenburns_repeater":[],"premium_lottie_repeater":[],"premium_blob_repeater":[],"premium_tooltip_text":"Hi, I'm a global tooltip.","premium_tooltip_position":"top,bottom","pa_badge_text":"New","ha_cmc_text":"Happy Addons","ha_gb_text":"New","ha_gb_lottie_url":"https:\/\/assets4.lottiefiles.com\/private_files\/lf30_ujs3c7ok.json"},"elements":[{"id":"756011cd","settings":{"align_items":"left","animation_line":"drop-out","animation_text":"none","color_menu_item_hover":"#000000","pointer_color_menu_item_hover":"#00ce1b","menu_typography_typography":"custom","menu_typography_font_size":{"unit":"px","size":15},"pointer_width":{"unit":"px","size":1},"color_dropdown_item":"#000000","background_color_dropdown_item":"#eaeaea","color_dropdown_item_hover":"#00ce1b","background_color_dropdown_item_hover":"#ededed","dropdown_typography_typography":"custom","dropdown_typography_font_size":{"unit":"px","size":15},"toggle_color":"#000000","toggle_color_hover":"#00ce1b","toggle_size":{"unit":"px","size":30},"toggle_border_width":{"unit":"px","size":0},"toggle_border_radius":{"unit":"px","size":0},"pointer":"none","dropdown":"mobile","menu_typography_font_size_tablet":{"unit":"px","size":13},"menu_typography_font_weight":"500","padding_horizontal_menu_item":{"unit":"px","size":0},"menu_space_between":{"unit":"px","size":31},"toggle_align":"left","full_width":"stretch","text_align":"center","dropdown_top_distance_mobile":{"unit":"px","size":40},"toggle_background_color":"rgba(0,0,0,0)","display_condition_list":[{"display_condition_login_status":"subscriber","_id":"f190406"}],"_ha_condition_list":[{"_id":"b08dba8"}],"premium_mscroll_repeater":[],"menu_name":"Men\u00fc","menu":"primary","premium_tooltip_text":"Hallo, ich bin ein globaler Tooltip.","premium_tooltip_position":"top,bottom","pa_badge_text":"New","ha_cmc_text":"Happy Addons","ha_gb_text":"New","ha_gb_lottie_url":"https:\/\/assets4.lottiefiles.com\/private_files\/lf30_ujs3c7ok.json","menu_id":10},"elements":[],"isInner":false,"widgetType":"nav-menu","elType":"widget"}],"isInner":true,"elType":"container"},{"id":"31a8c28e","settings":{"_column_size":50,"width":{"size":null,"unit":"%"},"width_mobile":{"size":70,"unit":"%"},"content_width":"full","flex_direction":"row-reverse","flex_justify_content":"flex-start","flex_align_items":"center","padding":{"unit":"px","top":"0","right":"0","bottom":"0","left":"0","isLinked":true},"display_condition_list":[{"display_condition_login_status":"subscriber","_id":"7845464"}],"_ha_condition_list":[{"_id":"fcfae22"}],"premium_gdivider_image":{"id":1419,"url":"https:\/\/mobilitytrailblazers.de\/wp-content\/uploads\/2025\/07\/placeholder-64.png"},"premium_parallax_layers_list":[],"premium_gradient_colors_repeater":[],"premium_kenburns_repeater":[],"premium_lottie_repeater":[],"premium_blob_repeater":[],"premium_tooltip_text":"Hi, I'm a global tooltip.","premium_tooltip_position":"top,bottom","pa_badge_text":"New","ha_cmc_text":"Happy Addons","ha_gb_text":"New","ha_gb_lottie_url":"https:\/\/assets4.lottiefiles.com\/private_files\/lf30_ujs3c7ok.json"},"elements":[{"id":"121a694e","settings":{"title":"","align":"right","title_color":"#54595f","typography_typography":"custom","typography_font_size":{"unit":"px","size":15},"typography_font_weight":"500","typography_font_size_mobile":{"unit":"px","size":20},"align_mobile":"right","typography_font_size_tablet":{"unit":"px","size":22},"header_size":"p","display_condition_list":[{"display_condition_login_status":"subscriber","_id":"f012d25"}],"_ha_condition_list":[{"_id":"9486087"}],"premium_mscroll_repeater":[],"premium_tooltip_text":"Hallo, ich bin ein globaler Tooltip.","premium_tooltip_position":"top,bottom","pa_badge_text":"New","ha_cmc_text":"Happy Addons","ha_gb_text":"New","ha_gb_lottie_url":"https:\/\/assets4.lottiefiles.com\/private_files\/lf30_ujs3c7ok.json"},"elements":[],"isInner":false,"widgetType":"heading","elType":"widget"}],"isInner":true,"elType":"container"}],"isInner":true,"elType":"container"},{"id":"3d1c42e6","settings":{"content_position":"middle","structure":"20","flex_direction":"row","flex_align_items":"center","flex_gap":{"size":0,"unit":"px","column":"0","row":"0","isLinked":true},"content_width":"full","flex_justify_content":"space-between","flex_gap_mobile":{"unit":"px","size":20,"sizes":[],"column":"20","row":"20","isLinked":true},"padding":{"unit":"px","top":"0","right":"0","bottom":"0","left":"0","isLinked":true},"display_condition_list":[{"display_condition_login_status":"subscriber","_id":"2121ef9"}],"_ha_condition_list":[{"_id":"93203b9"}],"premium_gdivider_image":{"id":1423,"url":"https:\/\/mobilitytrailblazers.de\/wp-content\/uploads\/2025\/07\/placeholder-68.png"},"premium_parallax_layers_list":[],"premium_gradient_colors_repeater":[],"premium_kenburns_repeater":[],"premium_lottie_repeater":[],"premium_blob_repeater":[],"premium_tooltip_text":"Hi, I'm a global tooltip.","premium_tooltip_position":"top,bottom","pa_badge_text":"New","ha_cmc_text":"Happy Addons","ha_gb_text":"New","ha_gb_lottie_url":"https:\/\/assets4.lottiefiles.com\/private_files\/lf30_ujs3c7ok.json"},"elements":[{"id":"765d5c0f","settings":{"_column_size":50,"width":{"size":null,"unit":"%"},"content_width":"full","flex_direction":"row","flex_direction_mobile":"column","flex_justify_content":"flex-start","flex_align_items":"center","padding":{"unit":"px","top":"0","right":"0","bottom":"0","left":"0","isLinked":true},"display_condition_list":[{"display_condition_login_status":"subscriber","_id":"fb3e876"}],"_ha_condition_list":[{"_id":"9c7dbd9"}],"premium_gdivider_image":{"id":1421,"url":"https:\/\/mobilitytrailblazers.de\/wp-content\/uploads\/2025\/07\/placeholder-66.png"},"premium_parallax_layers_list":[],"premium_gradient_colors_repeater":[],"premium_kenburns_repeater":[],"premium_lottie_repeater":[],"premium_blob_repeater":[],"premium_tooltip_text":"Hi, I'm a global tooltip.","premium_tooltip_position":"top,bottom","pa_badge_text":"New","ha_cmc_text":"Happy Addons","ha_gb_text":"New","ha_gb_lottie_url":"https:\/\/assets4.lottiefiles.com\/private_files\/lf30_ujs3c7ok.json"},"elements":[{"id":"52db5bc5","settings":{"title":"\u00a9 2025  All rights Reserved. Mobility Trailblazers","title_color":"#54595f","typography_typography":"custom","typography_font_size":{"unit":"px","size":13},"typography_font_weight":"300","align":"left","align_mobile":"center","typography_line_height_mobile":{"unit":"px","size":19},"header_size":"p","display_condition_list":[{"display_condition_login_status":"subscriber","_id":"e76a881"}],"_ha_condition_list":[{"_id":"ab07ffe"}],"premium_mscroll_repeater":[],"premium_tooltip_text":"Hallo, ich bin ein globaler Tooltip.","premium_tooltip_position":"top,bottom","pa_badge_text":"New","ha_cmc_text":"Happy Addons","ha_gb_text":"New","ha_gb_lottie_url":"https:\/\/assets4.lottiefiles.com\/private_files\/lf30_ujs3c7ok.json"},"elements":[],"isInner":false,"widgetType":"heading","elType":"widget"}],"isInner":true,"elType":"container"},{"id":"534b5c90","settings":{"_column_size":50,"width":{"size":null,"unit":"%"},"content_width":"full","flex_direction":"row-reverse","flex_direction_mobile":"column","flex_justify_content":"flex-start","flex_align_items":"center","padding":{"unit":"px","top":"0","right":"0","bottom":"0","left":"0","isLinked":true},"display_condition_list":[{"display_condition_login_status":"subscriber","_id":"967dcea"}],"_ha_condition_list":[{"_id":"79880bc"}],"premium_gdivider_image":{"id":1422,"url":"https:\/\/mobilitytrailblazers.de\/wp-content\/uploads\/2025\/07\/placeholder-67.png"},"premium_parallax_layers_list":[],"premium_gradient_colors_repeater":[],"premium_kenburns_repeater":[],"premium_lottie_repeater":[],"premium_blob_repeater":[],"premium_tooltip_text":"Hi, I'm a global tooltip.","premium_tooltip_position":"top,bottom","pa_badge_text":"New","ha_cmc_text":"Happy Addons","ha_gb_text":"New","ha_gb_lottie_url":"https:\/\/assets4.lottiefiles.com\/private_files\/lf30_ujs3c7ok.json"},"elements":[{"id":"3375a103","settings":{"social_icon_list":[{"_id":"554154b","social_icon":{"value":"fab fa-linkedin","library":"fa-brands"},"link":{"url":"https:\/\/www.linkedin.com\/showcase\/mobility-trailblazers\/","is_external":"true","nofollow":"","custom_attributes":""},"item_icon_color":"custom","__globals__":{"item_icon_primary_color":"globals\/colors?id=d6cea4e","item_icon_secondary_color":"globals\/colors?id=primary"}}],"icon_color":"custom","icon_size":{"unit":"px","size":34},"icon_padding":{"unit":"em","size":0},"icon_spacing":{"unit":"px","size":20},"align":"right","align_mobile":"center","icon_size_tablet":{"unit":"px","size":13},"icon_spacing_tablet":{"unit":"px","size":10},"display_condition_list":[{"display_condition_login_status":"subscriber","_id":"cd85595"}],"_ha_condition_list":[{"_id":"089f9ab"}],"premium_mscroll_repeater":[],"premium_tooltip_text":"Hallo, ich bin ein globaler Tooltip.","premium_tooltip_position":"top,bottom","pa_badge_text":"New","ha_cmc_text":"Happy Addons","ha_gb_text":"New","ha_gb_lottie_url":"https:\/\/assets4.lottiefiles.com\/private_files\/lf30_ujs3c7ok.json","__globals__":{"icon_primary_color":"globals\/colors?id=d6cea4e","icon_secondary_color":"globals\/colors?id=primary","hover_primary_color":"globals\/colors?id=accent","hover_secondary_color":"globals\/colors?id=secondary"}},"elements":[],"isInner":false,"widgetType":"social-icons","elType":"widget"}],"isInner":true,"elType":"container"}],"isInner":true,"elType":"container"}],"isInner":false,"elType":"container"}],"settings":{"ha_grid_zindex":"1000"},"metadata":[]}