{"content":[{"id":"87a629f","settings":{"flex_direction":"column","flex_align_items":"center","flex_justify_content":"center","flex_wrap":"wrap","margin":{"unit":"px","top":"0","right":"0","bottom":"0","left":"0","isLinked":true},"ha_cmc_text":"Happy Addons","display_condition_list":[{"display_condition_login_status":"subscriber","_id":"b205b4d"}],"_ha_condition_list":[{"_id":"9f4fc8b"}],"premium_tooltip_text":"Hi, I'm a global tooltip.","premium_tooltip_position":"top,bottom","premium_parallax_layers_list":[],"premium_gradient_colors_repeater":[],"premium_kenburns_repeater":[],"premium_lottie_repeater":[],"premium_blob_repeater":[],"pa_badge_text":"New","ha_gb_text":"New","ha_gb_lottie_url":"https:\/\/assets4.lottiefiles.com\/private_files\/lf30_ujs3c7ok.json","min_height":{"unit":"px","size":5,"sizes":[]},"grid_rows_grid":{"unit":"fr","size":1,"sizes":[]},"grid_gaps":{"column":"0","row":"0","isLinked":true,"unit":"px"},"_ha_eqh_enable":"yes","_ha_eqh_widget":["image","nav-menu","button"],"presetTitle":"Container","presetIcon":"eicon-container","flex_gap":{"column":"0","row":"0","isLinked":true,"unit":"px","size":0},"background_background":"classic","__globals__":{"background_color":"globals\/colors?id=secondary"},"_title":"Main Navigation","width":{"unit":"%","size":100,"sizes":[]}},"elements":[{"id":"5724e7b6","settings":{"display_condition_list":[{"display_condition_login_status":"subscriber","_id":"3766916"}],"_ha_condition_list":[{"_id":"5fe950b"}],"premium_tooltip_text":"Hi, I'm a global tooltip.","premium_tooltip_position":"top,bottom","premium_parallax_layers_list":[],"premium_gradient_colors_repeater":[],"premium_kenburns_repeater":[],"premium_lottie_repeater":[],"premium_blob_repeater":[],"pa_badge_text":"New","ha_cmc_text":"Happy Addons","ha_gb_text":"New","ha_gb_lottie_url":"https:\/\/assets4.lottiefiles.com\/private_files\/lf30_ujs3c7ok.json","boxed_width":{"unit":"%","size":80,"sizes":[]},"boxed_width_tablet":{"unit":"%","size":"","sizes":[]},"boxed_width_mobile":{"unit":"%","size":"","sizes":[]},"min_height_tablet":{"unit":"vh","size":"","sizes":[]},"min_height_mobile":{"unit":"vh","size":"","sizes":[]},"flex_direction":"row","flex_justify_content":"space-between","flex_align_items":"stretch","flex_gap":{"column":"10","row":"10","isLinked":true,"unit":"px","size":10},"presetTitle":"Container","presetIcon":"eicon-container","min_height":{"unit":"vh","size":2,"sizes":[]},"margin":{"unit":"px","top":"-80","right":"-50","bottom":"-50","left":"0","isLinked":false},"padding":{"unit":"px","top":"20","right":"20","bottom":"20","left":"0","isLinked":false},"_flex_align_self":"flex-start"},"elements":[{"id":"7c6c4d0d","settings":{"content_width":"full","display_condition_list":[{"display_condition_login_status":"subscriber","_id":"0eb55fb"}],"_ha_condition_list":[{"_id":"2f21b57"}],"premium_tooltip_text":"Hi, I'm a global tooltip.","premium_tooltip_position":"top,bottom","premium_parallax_layers_list":[],"premium_gradient_colors_repeater":[],"premium_kenburns_repeater":[],"premium_lottie_repeater":[],"premium_blob_repeater":[],"pa_badge_text":"New","ha_cmc_text":"Happy Addons","ha_gb_text":"New","ha_gb_lottie_url":"https:\/\/assets4.lottiefiles.com\/private_files\/lf30_ujs3c7ok.json","width":{"unit":"px","size":500,"sizes":[]},"boxed_width":{"unit":"%","size":100,"sizes":[]},"boxed_width_tablet":{"unit":"%","size":"","sizes":[]},"boxed_width_mobile":{"unit":"%","size":"","sizes":[]},"min_height":{"unit":"px","size":0,"sizes":[]},"flex_direction":"column","flex_justify_content":"center","flex_align_items":"flex-start","flex_gap":{"column":"20","row":"20","isLinked":true,"unit":"px","size":20},"_flex_align_self":"flex-start","_flex_order":"start"},"elements":[{"id":"33b3fdea","settings":{"icon_list":[{"text":"List Item #1","_id":"188dc14"},{"text":"List Item #2","selected_icon":{"value":"fas fa-times","library":"fa-solid"},"_id":"548f405"}],"display_condition_list":[{"display_condition_login_status":"subscriber","_id":"4b520d9"}],"_ha_condition_list":[{"_id":"ac816c6"}],"premium_tooltip_text":"Hi, I'm a global tooltip.","premium_tooltip_position":"top,bottom","pa_badge_text":"New","premium_mscroll_repeater":[],"ha_cmc_text":"Happy Addons","ha_gb_text":"New","ha_gb_lottie_url":"https:\/\/assets4.lottiefiles.com\/private_files\/lf30_ujs3c7ok.json","__globals__":{"text_color":"globals\/colors?id=accent"},"space_between":{"unit":"px","size":5,"sizes":[]},"icon_align":"left"},"elements":[],"isInner":false,"widgetType":"icon-list","elType":"widget"}],"isInner":true,"elType":"container"},{"id":"19e7a3b8","settings":{"display_condition_list":[{"display_condition_login_status":"subscriber","_id":"8b97494"}],"_ha_condition_list":[{"_id":"e5d6cd7"}],"premium_tooltip_text":"Hi, I'm a global tooltip.","premium_tooltip_position":"top,bottom","premium_parallax_layers_list":[],"premium_gradient_colors_repeater":[],"premium_kenburns_repeater":[],"premium_lottie_repeater":[],"premium_blob_repeater":[],"pa_badge_text":"New","ha_cmc_text":"Happy Addons","ha_gb_text":"New","ha_gb_lottie_url":"https:\/\/assets4.lottiefiles.com\/private_files\/lf30_ujs3c7ok.json"},"elements":[{"id":"349fccf7","settings":{"icon_list":[{"text":"List Item #1","_id":"7c6cbef"},{"text":"List Item #2","selected_icon":{"value":"fas fa-times","library":"fa-solid"},"_id":"ce016aa"},{"text":"List Item #3","selected_icon":{"value":"fas fa-dot-circle","library":"fa-solid"},"_id":"7c3d9f9"}],"space_between":{"unit":"px","size":15,"sizes":[]},"icon_align":"right","display_condition_list":[{"display_condition_login_status":"subscriber","_id":"a529e42"}],"_ha_condition_list":[{"_id":"44c0353"}],"premium_tooltip_text":"Hi, I'm a global tooltip.","premium_tooltip_position":"top,bottom","pa_badge_text":"New","premium_mscroll_repeater":[],"ha_cmc_text":"Happy Addons","ha_gb_text":"New","ha_gb_lottie_url":"https:\/\/assets4.lottiefiles.com\/private_files\/lf30_ujs3c7ok.json"},"elements":[],"isInner":false,"widgetType":"icon-list","elType":"widget"}],"isInner":true,"elType":"container"}],"isInner":true,"elType":"container"},{"id":"269331d9","settings":{"width":{"unit":"%","size":8.777},"flex_justify_content":"space-between","flex_align_items":"center","flex_align_content":"center","margin":{"unit":"px","top":"0","right":"0","bottom":"0","left":"0","isLinked":true},"_element_width":"initial","presetTitle":"Container","presetIcon":"eicon-container","ha_cmc_text":"Happy Addons","display_condition_list":[{"display_condition_login_status":"subscriber","_id":"920a873"}],"_ha_condition_list":[{"_id":"f53bca0"}],"premium_tooltip_text":"Hi, I'm a global tooltip.","premium_tooltip_position":"top,bottom","premium_parallax_layers_list":[],"premium_gradient_colors_repeater":[],"premium_kenburns_repeater":[],"premium_lottie_repeater":[],"premium_blob_repeater":[],"pa_badge_text":"New","ha_gb_text":"New","ha_gb_lottie_url":"https:\/\/assets4.lottiefiles.com\/private_files\/lf30_ujs3c7ok.json","boxed_width":{"unit":"%","size":60,"sizes":[]},"boxed_width_tablet":{"unit":"%","size":"","sizes":[]},"boxed_width_mobile":{"unit":"%","size":"","sizes":[]},"flex_direction":"row","flex_gap":{"column":"10","row":"10","isLinked":true,"unit":"px","size":10},"background_background":"classic","padding":{"unit":"px","top":"0","right":"0","bottom":"0","left":"0","isLinked":true},"__globals__":{"background_color":"globals\/colors?id=accent"}},"elements":[{"id":"1a01aeec","settings":{"image":{"url":"https:\/\/mobilitytrailblazers.de\/wp-content\/uploads\/2025\/06\/ChatGPT-Image-May-12-2025-04_30_57-PM.webp","id":235,"size":"","alt":"Logo website of Mobility Trailblazers","source":"library"},"display_condition_list":[{"display_condition_login_status":"subscriber","_id":"d22e6b1"}],"_ha_condition_list":[{"_id":"fbac727"}],"premium_tooltip_text":"Hi, I'm a global tooltip.","premium_tooltip_position":"top,bottom","pa_badge_text":"New","premium_mscroll_repeater":[],"ha_cmc_text":"Happy Addons","ha_gb_text":"New","ha_gb_lottie_url":"https:\/\/assets4.lottiefiles.com\/private_files\/lf30_ujs3c7ok.json","image_size":"full","link_to":"custom","width":{"unit":"%","size":10,"sizes":[]},"space":{"unit":"%","size":10,"sizes":[]},"height":{"unit":"%","size":10,"sizes":[]},"height_tablet":{"unit":"%","size":"","sizes":[]},"height_mobile":{"unit":"%","size":"","sizes":[]},"object-fit":"fill","_element_width":"initial","_element_custom_width":{"unit":"%","size":248.414},"_flex_size":"none"},"elements":[],"isInner":false,"widgetType":"image","elType":"widget"},{"id":"25868d13","settings":{"menu_name":"Men\u00fc","menu":"primary","ha_cmc_text":"Happy Addons","display_condition_list":[{"display_condition_login_status":"subscriber","_id":"a26a778"}],"_ha_condition_list":[{"_id":"983c1d9"}],"premium_tooltip_text":"Hi, I'm a global tooltip.","premium_tooltip_position":"top,bottom","pa_badge_text":"New","premium_mscroll_repeater":[],"ha_gb_text":"New","ha_gb_lottie_url":"https:\/\/assets4.lottiefiles.com\/private_files\/lf30_ujs3c7ok.json","_element_width":"initial","_element_custom_width":{"unit":"%","size":150.866},"_flex_size":"none","menu_id":10},"elements":[],"isInner":false,"widgetType":"nav-menu","elType":"widget"},{"id":"54a11ed7","settings":{"text":"Newsletter","link":{"url":"#newsletter","is_external":"","nofollow":"","custom_attributes":""},"_margin":{"unit":"px","top":"0","right":"0","bottom":"0","left":"0","isLinked":true},"_padding":{"unit":"px","top":"0","right":"0","bottom":"0","left":"0","isLinked":false},"ha_cmc_text":"Happy Addons","_position":"absolute","_offset_x":{"size":0,"unit":"px"},"_offset_y":{"size":-1,"unit":"px"},"display_condition_list":[{"display_condition_login_status":"subscriber","_id":"b66d109"}],"_ha_condition_list":[{"_id":"94e48db"}],"premium_glass_switcher":"yes","premium_tooltip_text":"Hi, I'm a global tooltip.","premium_tooltip_position":"top,bottom","pa_badge_text":"New","premium_mscroll_repeater":[],"ha_gb_text":"New","ha_gb_lottie_url":"https:\/\/assets4.lottiefiles.com\/private_files\/lf30_ujs3c7ok.json"},"elements":[],"isInner":false,"widgetType":"button","elType":"widget"}],"isInner":true,"elType":"container"}],"isInner":false,"elType":"container"}],"settings":[],"metadata":[]}