{"content":[{"id":"1318d1f0","settings":{"margin":{"unit":"px","top":"0","right":"0","bottom":"0","left":"0","isLinked":true},"display_condition_list":[{"display_condition_login_status":"subscriber","_id":"be0ea5a"}],"_ha_condition_list":[{"_id":"55630f8"}],"premium_tooltip_text":"Hi, I'm a global tooltip.","premium_tooltip_position":"top,bottom","premium_parallax_layers_list":[],"premium_gradient_colors_repeater":[],"premium_kenburns_repeater":[],"premium_lottie_repeater":[],"premium_blob_repeater":[],"pa_badge_text":"New","ha_cmc_text":"Happy Addons","ha_gb_text":"New","ha_gb_lottie_url":"https:\/\/assets4.lottiefiles.com\/private_files\/lf30_ujs3c7ok.json","presetTitle":"Container","presetIcon":"eicon-container","min_height_tablet":{"unit":"vh","size":"","sizes":[]},"min_height_mobile":{"unit":"vh","size":"","sizes":[]},"flex_align_content":"center","width":{"unit":"%","size":100},"width_tablet":{"unit":"vw","size":118.668},"width_mobile":{"unit":"vw","size":"","sizes":[]},"grid_column":"3","grid_row":"1","boxed_width":{"unit":"vw","size":100,"sizes":[]},"boxed_width_tablet":{"unit":"vw","size":"","sizes":[]},"boxed_width_mobile":{"unit":"vw","size":"","sizes":[]},"content_width":"full","_element_width":"initial","flex_wrap":"nowrap","overflow":"hidden","_element_width_tablet":"initial","flex_direction":"row","_flex_size":"none","flex_justify_content":"center","flex_align_items":"center"},"elements":[{"id":"1430f060","settings":{"width":{"unit":"%","size":16,"sizes":[]},"boxed_width":{"unit":"px","size":500,"sizes":[]},"display_condition_list":[{"display_condition_login_status":"subscriber","_id":"c2af40a"}],"_ha_condition_list":[{"_id":"ae482cc"}],"premium_tooltip_text":"Hi, I'm a global tooltip.","premium_tooltip_position":"top,bottom","premium_parallax_layers_list":[],"premium_gradient_colors_repeater":[],"premium_kenburns_repeater":[],"premium_lottie_repeater":[],"premium_blob_repeater":[],"pa_badge_text":"New","ha_cmc_text":"Happy Addons","ha_gb_text":"New","ha_gb_lottie_url":"https:\/\/assets4.lottiefiles.com\/private_files\/lf30_ujs3c7ok.json","content_width":"full","flex_align_content":"flex-start","margin":{"unit":"px","top":"0","right":"0","bottom":"0","left":"0","isLinked":false},"padding":{"unit":"px","top":"15","right":"15","bottom":"15","left":"15","isLinked":true},"width_tablet":{"unit":"vw","size":"","sizes":[]},"width_mobile":{"unit":"vw","size":30,"sizes":[]},"flex_justify_content_mobile":"center","flex_align_items_mobile":"center","flex_align_content_mobile":"center","margin_mobile":{"unit":"px","top":"0","right":"0","bottom":"0","left":"0","isLinked":true},"padding_mobile":{"unit":"px","top":"0","right":"0","bottom":"0","left":"0","isLinked":true},"_flex_align_self_mobile":"center","_flex_order_mobile":"start","_flex_size_mobile":"grow"},"elements":[{"id":"558b1154","settings":{"image":{"url":"https:\/\/mobilitytrailblazers.de\/wp-content\/uploads\/2025\/06\/cropped-ChatGPT-Image-May-12-2025-04_30_57-PM-1.webp","id":255,"size":"","alt":"","source":"library"},"link_to":"custom","link":{"url":"https:\/\/mobilitytrailblazers.de\/","is_external":"","nofollow":"","custom_attributes":""},"align":"left","width":{"unit":"px","size":110,"sizes":[]},"width_tablet":{"unit":"px","size":"","sizes":[]},"width_mobile":{"unit":"vw","size":100,"sizes":[]},"height":{"unit":"px","size":110,"sizes":[]},"object-fit":"contain","display_condition_list":[{"display_condition_login_status":"subscriber","_id":"b7e05cb"}],"_ha_condition_list":[{"_id":"87d8344"}],"premium_tooltip_text":"Hi, I'm a global tooltip.","premium_tooltip_position":"top,bottom","pa_badge_text":"New","premium_mscroll_repeater":[],"ha_cmc_text":"Happy Addons","ha_gb_text":"New","ha_gb_lottie_url":"https:\/\/assets4.lottiefiles.com\/private_files\/lf30_ujs3c7ok.json","__dynamic__":{"link":"[elementor-tag id=\"9af4247\" name=\"site-url\" settings=\"%7B%7D\"]"},"align_mobile":"center","height_mobile":{"unit":"vh","size":16,"sizes":[]},"object-fit_mobile":"contain","object-position_mobile":"center center","opacity":{"unit":"px","size":1,"sizes":[]}},"elements":[],"isInner":false,"widgetType":"image","elType":"widget"}],"isInner":true,"elType":"container"},{"id":"5d498293","settings":{"flex_gap":{"column":"10","row":"10","isLinked":true,"unit":"px","size":10},"display_condition_list":[{"display_condition_login_status":"subscriber","_id":"ddaf462"}],"_ha_condition_list":[{"_id":"9846f7b"}],"premium_tooltip_text":"Hi, I'm a global tooltip.","premium_tooltip_position":"top,bottom","premium_parallax_layers_list":[],"premium_gradient_colors_repeater":[],"premium_kenburns_repeater":[],"premium_lottie_repeater":[],"premium_blob_repeater":[],"pa_badge_text":"New","ha_cmc_text":"Happy Addons","ha_gb_text":"New","ha_gb_lottie_url":"https:\/\/assets4.lottiefiles.com\/private_files\/lf30_ujs3c7ok.json","width":{"unit":"%","size":100},"boxed_width":{"unit":"%","size":0,"sizes":[]},"boxed_width_tablet":{"unit":"%","size":"","sizes":[]},"boxed_width_mobile":{"unit":"%","size":"","sizes":[]},"flex_align_content":"center","padding":{"unit":"px","top":"0","right":"0","bottom":"0","left":"0","isLinked":true},"_element_width":"initial","presetTitle":"Container","presetIcon":"eicon-container","width_tablet":{"unit":"vw","size":74.096},"width_mobile":{"unit":"vw","size":"","sizes":[]},"_flex_size":"none","_element_width_tablet":"initial"},"elements":[{"id":"55c4f8f","elType":"widget","settings":{"menu":"primary","menu_items":[{"text":"Menu Item 1","_id":"d0d3bad"},{"item_type":"item_submenu","text":"Sub Menu","_id":"ee7d8ad"},{"text":"Menu Item 2","_id":"ca691be"},{"item_type":"item_submenu","text":"Sub Menu","_id":"8d64df5"}],"navmenu_align":"","submenu_animation":"slide_up","toggle_label_show":"","toggle_label_text":"Menu","menu_space_between":{"unit":"px","size":50,"sizes":[]},"menu_row_space":{"unit":"px","size":0,"sizes":[]},"pointer":"underline","animation_line":"grow","dropdown_border_border":"none","dropdown_divider_border":"none","display_condition_list":[{"display_condition_login_status":"subscriber","_id":"8c6fd39"}],"_ha_condition_list":[{"_id":"30a9466"}],"premium_tooltip_text":"Hi, I'm a global tooltip.","premium_tooltip_position":"top,bottom","pa_badge_text":"New","premium_mscroll_repeater":[],"ha_cmc_text":"Happy Addons","ha_gb_text":"New","ha_gb_lottie_url":"https:\/\/assets4.lottiefiles.com\/private_files\/lf30_ujs3c7ok.json","__globals__":{"menu_typography_typography":"globals\/typography?id=accent","toggle_background_color":"globals\/colors?id=86b4fcd","background_color_dropdown_item":"globals\/colors?id=86b4fcd","dropdown_typography_typography":"globals\/typography?id=accent"},"schema_support":"","_element_width":"auto","_element_custom_width":{"unit":"%","size":100},"_flex_size":"grow","resp_align":"","show_submenu_on":"click","full_width_dropdown":""},"elements":[],"widgetType":"uael-nav-menu"}],"isInner":true,"elType":"container"},{"id":"3e822167","settings":{"flex_gap":{"column":"20","row":"20","isLinked":true,"unit":"px","size":20},"display_condition_list":[{"display_condition_login_status":"subscriber","_id":"0b1e2d0"}],"_ha_condition_list":[{"_id":"09d1a44"}],"premium_tooltip_text":"Hi, I'm a global tooltip.","premium_tooltip_position":"top,bottom","premium_parallax_layers_list":[],"premium_gradient_colors_repeater":[],"premium_kenburns_repeater":[],"premium_lottie_repeater":[],"premium_blob_repeater":[],"pa_badge_text":"New","ha_cmc_text":"Happy Addons","ha_gb_text":"New","ha_gb_lottie_url":"https:\/\/assets4.lottiefiles.com\/private_files\/lf30_ujs3c7ok.json","content_width":"full","width":{"unit":"%","size":30},"margin":{"unit":"px","top":"0","right":"0","bottom":"0","left":"0","isLinked":false},"padding":{"unit":"px","top":"15","right":"15","bottom":"15","left":"15","isLinked":true},"_element_width":"initial","hide_mobile":"hidden-mobile","width_tablet":{"unit":"vw","size":"","sizes":[]},"width_mobile":{"unit":"vw","size":"","sizes":[]}},"elements":[{"id":"21977929","settings":{"icon_list":[{"text":"Our Newsletter","_id":"ca8c7cb","selected_icon":{"value":"huge huge-mail-02","library":"huge-icons"},"link":{"url":"#newsletter","is_external":"","nofollow":"","custom_attributes":""}},{"text":"Kontakt","selected_icon":{"value":"huge huge-contact","library":"huge-icons"},"_id":"72933db","link":{"url":"mailto:kontakt@mobilitytrailblazers.de?subject=Kontakt Website","is_external":"on","nofollow":"","custom_attributes":""}},{"text":"LinkedIn","selected_icon":{"value":"fab fa-linkedin","library":"fa-brands"},"_id":"9912b84","link":{"url":"https:\/\/www.linkedin.com\/showcase\/mobility-trailblazers\/","is_external":"on","nofollow":"","custom_attributes":""}}],"_margin":{"unit":"px","top":"0","right":"0","bottom":"0","left":"0","isLinked":true},"_padding":{"unit":"px","top":"0","right":"0","bottom":"0","left":"0","isLinked":false},"display_condition_list":[{"display_condition_login_status":"subscriber","_id":"efdb740"}],"_ha_condition_list":[{"_id":"ad21fdb"}],"premium_tooltip_text":"Hi, I'm a global tooltip.","premium_tooltip_position":"top,bottom","pa_badge_text":"New","premium_mscroll_repeater":[],"ha_cmc_text":"Happy Addons","ha_gb_text":"New","ha_gb_lottie_url":"https:\/\/assets4.lottiefiles.com\/private_files\/lf30_ujs3c7ok.json","space_between":{"unit":"px","size":9,"sizes":[]},"divider":"yes","icon_size":{"unit":"px","size":35,"sizes":[]},"text_indent":{"unit":"px","size":5,"sizes":[]},"icon_self_align":"center","icon_self_vertical_align":"center","__globals__":{"divider_color":"globals\/colors?id=secondary","text_color":"globals\/colors?id=primary","icon_typography_typography":"globals\/typography?id=392b9e0","icon_color":"globals\/colors?id=accent"}},"elements":[],"isInner":false,"widgetType":"icon-list","elType":"widget"}],"isInner":true,"elType":"container"}],"isInner":false,"elType":"container"}],"settings":{"ha_grid_zindex":"1000","margin":{"unit":"px","top":"-165","right":"-165","bottom":"-165","left":"-165","isLinked":true},"padding":{"unit":"px","top":"0","right":"0","bottom":"0","left":"0","isLinked":true}},"metadata":[]}